date,year,quarter,t,RRP,d_RRP,cpi_national,real_gdp_growth,lending_rate,d_lending_rate,region,property_type,beta_rrp,base_qoq_drift,idio_sd,unit_id,lag1_d_RRP,lag2_d_RRP,lag4_d_RRP,shock,dln_RPPI,RPPI,RRP_lag1,d_RRP_lag1,RRP_lag2,d_RRP_lag2,RRP_lag4,d_RRP_lag4,REL_growth
2018-01-01,2018,1,1,3.0,,4.0,6.3,6.1,,AONCR,Condominium,-0.95,0.95,1.35,AONCR_Condominium,,,,-1.4099171833901556,-0.0010366718339015568,99.8963865324709,,,,,,,7.3221465147291624
2018-04-01,2018,2,2,3.25,0.25,4.698872845779609,4.806563547461692,6.2305049264677885,0.13050492646778888,AONCR,Condominium,-0.95,0.95,1.35,AONCR_Condominium,,,,-0.6832083681913178,0.00588003950211884,100.48551157324759,3.0,,,,,,1.2109196744141815
2018-07-01,2018,3,3,4.0,0.75,4.730570586841166,4.8873232065108665,6.735777588582047,0.5052726621142583,AONCR,Condominium,-0.95,0.95,1.35,AONCR_Condominium,0.25,,,1.027935698426216,0.020656274362756088,102.58275390558931,3.25,0.25,3.0,,,,2.902124372231275
2018-10-01,2018,4,4,4.75,0.75,5.091996451668118,5.530432015109393,7.2225004240703425,0.48672283548829576,AONCR,Condominium,-0.95,0.95,1.35,AONCR_Condominium,0.75,0.25,,0.7347836550577534,0.012136847491743992,103.83537118128542,4.0,0.75,3.25,0.25,,,0.3557709727036013
2019-01-01,2019,1,5,4.75,0.0,3.8,6.013447902928668,7.583413704341121,0.3609132802707782,AONCR,Condominium,-0.95,0.95,1.35,AONCR_Condominium,0.75,0.75,,-0.5531001849908614,-0.0033234588863103633,103.49085140997994,4.75,0.75,4.0,0.75,3.0,,-1.2496125802928941
2019-04-01,2019,2,6,4.5,-0.25,3.7235016875778957,6.661147271372238,7.634787468050925,0.05137376370980462,AONCR,Condominium,-0.95,0.95,1.35,AONCR_Condominium,0.0,0.75,0.25,-0.8720957329386361,0.0008315234036515961,103.57694226331036,4.75,0.0,4.75,0.75,3.25,0.25,-1.3310121215113533
2019-07-01,2019,3,7,4.25,-0.25,3.9943571127668194,7.805844480091282,7.537843258505781,-0.09694420954514449,AONCR,Condominium,-0.95,0.95,1.35,AONCR_Condominium,-0.25,0.0,0.75,0.39398285982637665,0.019940327412128044,105.66302991833838,4.5,-0.25,4.75,0.0,4.0,0.75,1.8542722221129928
2019-10-01,2019,4,8,4.0,-0.25,3.465760800501286,7.687624841235176,7.3750989855478455,-0.16274427295793537,AONCR,Condominium,-0.95,0.95,1.35,AONCR_Condominium,-0.25,-0.25,0.75,1.3964799363090585,0.03094988691870416,108.98442197544584,4.25,-0.25,4.5,-0.25,4.75,0.75,-2.517008747858428
2020-01-01,2020,1,9,3.75,-0.25,2.2,-0.7,7.080623865444629,-0.2944751201032165,AONCR,Condominium,-0.95,0.95,1.35,AONCR_Condominium,-0.25,-0.25,0.0,1.0140935372528705,0.023600935372528706,111.58714885991215,4.0,-0.25,4.25,-0.25,4.75,0.0,-1.1826619212412606
2020-04-01,2020,2,10,2.75,-1.0,1.7330332722498218,-7.045966067955906,6.371889144048662,-0.7087347213959667,AONCR,Condominium,-0.95,0.95,1.35,AONCR_Condominium,-0.25,-0.25,-0.25,2.709918424178307,0.03803935694797455,115.91361862513862,3.75,-0.25,4.0,-0.25,4.5,-0.25,-9.458267354150363
2020-07-01,2020,3,11,2.25,-0.5,2.5678852409948902,-9.035904447482224,5.787256106512813,-0.5846330375358493,AONCR,Condominium,-0.95,0.95,1.35,AONCR_Condominium,-1.0,-0.25,-0.25,-0.8017189617840096,0.009552211786652534,117.02615519224405,2.75,-1.0,3.75,-0.25,4.25,-0.25,-12.185808338137917
2020-10-01,2020,4,12,2.0,-0.25,2.3389100339341686,-6.488040260447374,5.461117392223406,-0.32613871428940655,AONCR,Condominium,-0.95,0.95,1.35,AONCR_Condominium,-0.5,-1.0,-0.25,-0.5122933597370919,0.012145724315141564,118.45618943200888,2.25,-0.5,2.75,-1.0,4.0,-0.25,-9.424331153122157
2021-01-01,2021,1,13,2.0,0.0,2.9599481726530636,3.5,5.25489088741875,-0.20622650480465676,AONCR,Condominium,-0.95,0.95,1.35,AONCR_Condominium,-0.25,-0.5,-0.25,-1.699868826741394,-0.0005482038156180202,118.39126909339323,2.0,-0.25,2.25,-0.5,3.75,-0.25,-3.2116793888351234
2021-04-01,2021,2,14,2.0,0.0,2.89306308425626,3.321313221938798,5.206473545540003,-0.048417341878746356,AONCR,Condominium,-0.95,0.95,1.35,AONCR_Condominium,0.0,-0.25,-1.0,-0.6498117315617876,0.00630279406788605,119.13982138937824,2.0,0.0,2.0,-0.25,2.75,-1.0,0.6028822496548818
2021-07-01,2021,3,15,2.0,0.0,2.8277963531994934,3.0301866116687646,5.180745300541072,-0.025728244998931338,AONCR,Condominium,-0.95,0.95,1.35,AONCR_Condominium,0.0,0.0,-0.5,0.772500657491687,0.019209665460252504,121.45058090227963,2.0,0.0,2.0,0.0,2.25,-0.5,-0.47333647918058164
2021-10-01,2021,4,16,2.0,0.0,2.6336316855425452,6.00416389559609,5.044770684415611,-0.1359746161254609,AONCR,Condominium,-0.95,0.95,1.35,AONCR_Condominium,0.0,0.0,-0.25,-0.12231920928117547,0.011318458873699542,122.8330231066222,2.0,0.0,2.0,0.0,2.0,-0.25,4.105501314078522
2022-01-01,2022,1,17,2.0,0.0,3.0,8.2,5.039231316423039,-0.005539367992572153,AONCR,Condominium,-0.95,0.95,1.35,AONCR_Condominium,0.0,0.0,0.0,-3.1097951536207984,-0.017622951536207986,120.68730516739352,2.0,0.0,2.0,0.0,2.0,0.0,9.996110411596238
2022-04-01,2022,2,18,2.5,0.5,4.234248869877067,6.371201634503846,5.393558958301544,0.3543276418785055,AONCR,Condominium,-0.95,0.95,1.35,AONCR_Condominium,0.0,0.0,0.0,0.45860815830951135,0.017745556856997177,122.84808401207839,2.0,0.0,2.0,0.0,2.0,0.0,5.84383026756432
2022-07-01,2022,3,19,3.75,1.25,4.469159250277384,7.09681390411188,6.236073272757313,0.8425143144557685,AONCR,Condominium,-0.95,0.95,1.35,AONCR_Condominium,0.5,0.0,0.0,3.23246484630101,0.041076701452135274,127.99935234990176,2.5,0.5,2.0,0.0,2.0,0.0,7.306025053507797
2022-10-01,2022,4,20,5.0,1.25,5.0896345976435615,7.010877457639748,7.229721678988704,0.9936484062313911,AONCR,Condominium,-0.95,0.95,1.35,AONCR_Condominium,1.25,0.5,0.0,-0.6878847849099442,-0.007472878423191468,127.04639385776082,3.75,1.25,2.5,0.5,2.0,0.0,-6.473151122440552
2023-01-01,2023,1,21,5.75,0.75,8.0,5.5,8.070966842960146,0.8412451639714424,AONCR,Condominium,-0.95,0.95,1.35,AONCR_Condominium,1.25,1.25,0.0,0.7202919116592159,0.003352919116592159,127.47308507124302,5.0,1.25,3.75,1.25,2.0,0.0,-6.143551801242978
2023-04-01,2023,2,22,6.25,0.5,8.155429552863874,6.374844613584793,8.738674988065059,0.6677081451049123,AONCR,Condominium,-0.95,0.95,1.35,AONCR_Condominium,0.75,1.25,0.5,0.37360556501653075,0.005010751246118768,128.1134239407225,5.75,0.75,5.0,1.25,2.5,0.5,1.0602326606424333
2023-07-01,2023,3,23,6.25,0.0,6.667742416294605,6.744282989543375,9.042506761018442,0.3038317729533837,AONCR,Condominium,-0.95,0.95,1.35,AONCR_Condominium,0.5,0.75,1.25,0.5394708422047043,0.01111163726801419,129.54491219723508,6.25,0.5,5.75,0.75,3.75,1.25,-1.831560561559774
2023-10-01,2023,4,24,6.5,0.25,6.237253959575014,6.443976500689383,9.407545459031587,0.36503869801314437,AONCR,Condominium,-0.95,0.95,1.35,AONCR_Condominium,0.0,0.5,1.25,-0.737324442382908,0.004039422951801941,130.069257201501,6.25,0.0,6.25,0.5,5.0,1.25,-4.403447880140119
2024-01-01,2024,1,25,6.5,0.0,3.9,6.267600870840498,9.508180720011742,0.1006352609801553,AONCR,Condominium,-0.95,0.95,1.35,AONCR_Condominium,0.25,0.0,0.75,1.5665545196168391,0.02631089552273358,133.53691437931982,6.5,0.25,6.25,0.0,5.75,0.75,-1.9839190020365443
2024-04-01,2024,2,26,6.5,0.0,3.4636369040555994,7.203653421627691,9.557916001163832,0.04973528115209014,AONCR,Condominium,-0.95,0.95,1.35,AONCR_Condominium,0.0,0.25,0.5,2.44136907225066,0.03646665182683367,138.49643755185463,6.5,0.0,6.5,0.25,6.25,0.5,-9.82794022336597
2024-07-01,2024,3,27,6.25,-0.25,3.204368380234698,6.54815913607695,9.37685720877443,-0.18105879238940226,AONCR,Condominium,-0.95,0.95,1.35,AONCR_Condominium,0.0,0.0,0.0,2.5986269719827053,0.03890313990992632,143.9905602430082,6.5,0.0,6.5,0.0,6.25,0.0,-5.129346450831948
2024-10-01,2024,4,28,6.0,-0.25,3.131997916467933,5.575948601638913,9.189357493890524,-0.1874997148839057,AONCR,Condominium,-0.95,0.95,1.35,AONCR_Condominium,-0.25,0.0,0.25,-0.6173036604836756,0.008732543495718219,145.25347025611296,6.25,-0.25,6.5,0.0,6.5,0.25,-8.221706737108985
2025-01-01,2025,1,29,5.75,-0.25,1.8,5.0,8.974215227846123,-0.2151422660444009,AONCR,Condominium,-0.95,0.95,1.35,AONCR_Condominium,-0.25,-0.25,0.0,-0.004438935765233046,0.01543311064234767,147.51257076846795,6.0,-0.25,6.25,-0.25,6.5,0.0,-7.320616238061858
2025-04-01,2025,2,30,5.5,-0.25,2.173061203528872,4.244591007606215,8.68616918501103,-0.2880460428350933,AONCR,Condominium,-0.95,0.95,1.35,AONCR_Condominium,-0.25,-0.25,0.0,1.8127093169860622,0.033433233158771614,152.52776283513973,5.75,-0.25,6.0,-0.25,6.5,0.0,-2.191539406014145
2025-07-01,2025,3,31,5.25,-0.25,1.3474150575376869,4.943768484708373,8.399883761389766,-0.28628542362126375,AONCR,Condominium,-0.95,0.95,1.35,AONCR_Condominium,-0.25,-0.25,-0.25,2.13302846107574,0.03665092230978435,158.22175365257903,5.5,-0.25,5.75,-0.25,6.25,-0.25,-4.202328851629078
2025-10-01,2025,4,32,5.0,-0.25,1.653876661545189,3.9497939843187355,8.190626645523027,-0.20925711586673934,AONCR,Condominium,-0.95,0.95,1.35,AONCR_Condominium,-0.25,-0.25,-0.25,-0.2799186307425651,0.012240649435157428,160.17039264455525,5.25,-0.25,5.5,-0.25,6.0,-0.25,-3.357508072948508
2026-01-01,2026,1,33,4.5,-0.5,4.5,3.6950562492494683,7.82876729234417,-0.36185935317885676,AONCR,Condominium,-0.95,0.95,1.35,AONCR_Condominium,-0.25,-0.25,-0.25,2.042338727232913,0.03622153336579768,166.07836179318366,5.0,-0.25,5.25,-0.25,5.75,-0.25,0.4988265854674072
2026-04-01,2026,2,34,4.625,0.125,4.679466958498582,5.2171204950010654,7.7404883068636146,-0.08827898548055568,AONCR,Condominium,-0.95,0.95,1.35,AONCR_Condominium,-0.5,-0.25,-0.25,0.6562601469132904,0.025360361742307876,170.34402995074333,4.5,-0.5,5.0,-0.25,5.5,-0.25,-3.1017871386913693
2018-01-01,2018,1,1,3.0,,4.0,6.3,6.1,,AONCR,Duplex,-0.45,0.7,1.0,AONCR_Duplex,,,,0.5997360103792292,0.01655986010379229,101.66977345964783,,,,,,,-0.1942375351680381
2018-04-01,2018,2,2,3.25,0.25,4.698872845779609,4.806563547461692,6.2305049264677885,0.13050492646778888,AONCR,Duplex,-0.45,0.7,1.0,AONCR_Duplex,,,,-0.4080099369244546,0.0061320238147874705,102.29513032379857,3.0,,,,,,3.4608069724955532
2018-07-01,2018,3,3,4.0,0.75,4.730570586841166,4.8873232065108665,6.735777588582047,0.5052726621142583,AONCR,Duplex,-0.45,0.7,1.0,AONCR_Duplex,0.25,,,0.5804433674102023,0.014931351052595947,103.83399489912728,3.25,0.25,3.0,,,,1.1693894381846168
2018-10-01,2018,4,4,4.75,0.75,5.091996451668118,5.530432015109393,7.2225004240703425,0.48672283548829576,AONCR,Duplex,-0.45,0.7,1.0,AONCR_Duplex,0.75,0.25,,-0.30173536392639005,0.0036466573019025557,104.21333313270821,4.0,0.75,3.25,0.25,,,-0.028181819653235563
2019-01-01,2019,1,5,4.75,0.0,3.8,6.013447902928668,7.583413704341121,0.3609132802707782,AONCR,Duplex,-0.45,0.7,1.0,AONCR_Duplex,0.75,0.75,,0.38262604485465485,0.009158803412144798,105.17218683741419,4.75,0.75,4.0,0.75,3.0,,2.312626140395545
2019-04-01,2019,2,6,4.5,-0.25,3.7235016875778957,6.661147271372238,7.634787468050925,0.05137376370980462,AONCR,Duplex,-0.45,0.7,1.0,AONCR_Duplex,0.0,0.75,0.25,-0.8030961723035434,0.0008965190100025234,105.26651798075089,4.75,0.0,4.75,0.75,3.25,0.25,2.685312742377743
2019-07-01,2019,3,7,4.25,-0.25,3.9943571127668194,7.805844480091282,7.537843258505781,-0.09694420954514449,AONCR,Duplex,-0.45,0.7,1.0,AONCR_Duplex,-0.25,0.0,0.75,-0.1952703559744778,0.0102977952541195,106.3561317106261,4.5,-0.25,4.75,0.0,4.0,0.75,3.144689916763151
2019-10-01,2019,4,8,4.0,-0.25,3.465760800501286,7.687624841235176,7.3750989855478455,-0.16274427295793537,AONCR,Duplex,-0.45,0.7,1.0,AONCR_Duplex,-0.25,-0.25,0.75,0.2514584163603398,0.015124671719216975,107.9769596355302,4.25,-0.25,4.5,-0.25,4.75,0.75,5.721647183842569
2020-01-01,2020,1,9,3.75,-0.25,2.2,-0.7,7.080623865444629,-0.2944751201032165,AONCR,Duplex,-0.45,0.7,1.0,AONCR_Duplex,-0.25,-0.25,0.0,-1.6128350734737824,-0.007043350734737823,107.21911206366173,4.0,-0.25,4.25,-0.25,4.75,0.0,-2.181544203563053
2020-04-01,2020,2,10,2.75,-1.0,1.7330332722498218,-7.045966067955906,6.371889144048662,-0.7087347213959667,AONCR,Duplex,-0.45,0.7,1.0,AONCR_Duplex,-0.25,-0.25,-0.25,0.9614864326451154,0.016180037032642636,108.96803190687221,3.75,-0.25,4.0,-0.25,4.5,-0.25,-10.541903407609576
2020-07-01,2020,3,11,2.25,-0.5,2.5678852409948902,-9.035904447482224,5.787256106512813,-0.5846330375358493,AONCR,Duplex,-0.45,0.7,1.0,AONCR_Duplex,-1.0,-0.25,-0.25,-0.5153182373827123,0.004291219030665508,109.43664233501435,2.75,-1.0,3.75,-0.25,4.25,-0.25,-6.366538930727986
2020-10-01,2020,4,12,2.0,-0.25,2.3389100339341686,-6.488040260447374,5.461117392223406,-0.32613871428940655,AONCR,Duplex,-0.45,0.7,1.0,AONCR_Duplex,-0.5,-1.0,-0.25,-0.22200895960612843,0.0075485683164512,110.26585806434421,2.25,-0.5,2.75,-1.0,4.0,-0.25,-3.655689043351434
2021-01-01,2021,1,13,2.0,0.0,2.9599481726530636,3.5,5.25489088741875,-0.20622650480465676,AONCR,Duplex,-0.45,0.7,1.0,AONCR_Duplex,-0.25,-0.5,-0.25,-0.5543581924026625,0.005906902527769295,110.91911520376966,2.0,-0.25,2.25,-0.5,3.75,-0.25,2.3003212947136915
2021-04-01,2021,2,14,2.0,0.0,2.89306308425626,3.321313221938798,5.206473545540003,-0.048417341878746356,AONCR,Duplex,-0.45,0.7,1.0,AONCR_Duplex,0.0,-0.25,-1.0,-0.6601515394169872,0.0030743959893340545,111.26064922308984,2.0,0.0,2.0,-0.25,2.75,-1.0,2.4957335605380826
2021-07-01,2021,3,15,2.0,0.0,2.8277963531994934,3.0301866116687646,5.180745300541072,-0.025728244998931338,AONCR,Duplex,-0.45,0.7,1.0,AONCR_Duplex,0.0,0.0,-0.5,0.7076329980334167,0.0160609888656698,113.06203254733146,2.0,0.0,2.0,0.0,2.25,-0.5,0.4370083898709973
2021-10-01,2021,4,16,2.0,0.0,2.6336316855425452,6.00416389559609,5.044770684415611,-0.1359746161254609,AONCR,Duplex,-0.45,0.7,1.0,AONCR_Duplex,0.0,0.0,-0.25,-0.4847985532000199,0.005193665434511099,113.65076643777361,2.0,0.0,2.0,0.0,2.0,-0.25,8.376904214264094
2022-01-01,2022,1,17,2.0,0.0,3.0,8.2,5.039231316423039,-0.005539367992572153,AONCR,Duplex,-0.45,0.7,1.0,AONCR_Duplex,0.0,0.0,0.0,0.14852976614620772,0.012460297661462076,115.07574822895666,2.0,0.0,2.0,0.0,2.0,0.0,7.058229663711098
2022-04-01,2022,2,18,2.5,0.5,4.234248869877067,6.371201634503846,5.393558958301544,0.3543276418785055,AONCR,Duplex,-0.45,0.7,1.0,AONCR_Duplex,0.0,0.0,0.0,-1.3789564883498107,-0.003130089609596045,114.71611396247428,2.0,0.0,2.0,0.0,2.0,0.0,5.1769630429538545
2022-07-01,2022,3,19,3.75,1.25,4.469159250277384,7.09681390411188,6.236073272757313,0.8425143144557685,AONCR,Duplex,-0.45,0.7,1.0,AONCR_Duplex,0.5,0.0,0.0,-0.10256850241084513,0.007726367965016718,115.60588579639163,2.5,0.5,2.0,0.0,2.0,0.0,-0.9442987953155884
2022-10-01,2022,4,20,5.0,1.25,5.0896345976435615,7.010877457639748,7.229721678988704,0.9936484062313911,AONCR,Duplex,-0.45,0.7,1.0,AONCR_Duplex,1.25,0.5,0.0,0.06373389085392837,0.005043308334447257,116.19039461392262,3.75,1.25,2.5,0.5,2.0,0.0,3.2935261322050438
2023-01-01,2023,1,21,5.75,0.75,8.0,5.5,8.070966842960146,0.8412451639714424,AONCR,Duplex,-0.45,0.7,1.0,AONCR_Duplex,1.25,1.25,0.0,-0.43250868660795566,-0.0013000868660795572,116.0394351593855,5.0,1.25,3.75,1.25,2.0,0.0,-0.44936804899337335
2023-04-01,2023,2,22,6.25,0.5,8.155429552863874,6.374844613584793,8.738674988065059,0.6677081451049123,AONCR,Duplex,-0.45,0.7,1.0,AONCR_Duplex,0.75,1.25,0.5,2.0484776767020865,0.026134472362974323,119.11204014241055,5.75,0.75,5.0,1.25,2.5,0.5,-7.788033172919718
2023-07-01,2023,3,23,6.25,0.0,6.667742416294605,6.744282989543375,9.042506761018442,0.3038317729533837,AONCR,Duplex,-0.45,0.7,1.0,AONCR_Duplex,0.5,0.75,1.25,0.3187149325307075,0.010779078171274221,120.40290279034593,6.25,0.5,5.75,0.75,3.75,1.25,-5.030857438832104
2023-10-01,2023,4,24,6.5,0.25,6.237253959575014,6.443976500689383,9.407545459031587,0.36503869801314437,AONCR,Duplex,-0.45,0.7,1.0,AONCR_Duplex,0.0,0.5,1.25,-0.3775961127819328,0.006386706247811693,121.17434161618765,6.25,0.0,6.25,0.5,5.0,1.25,-7.083475746160021
2024-01-01,2024,1,25,6.5,0.0,3.9,6.267600870840498,9.508180720011742,0.1006352609801553,AONCR,Duplex,-0.45,0.7,1.0,AONCR_Duplex,0.25,0.0,0.75,0.48111646907785105,0.014206515017343697,122.90809284204771,6.5,0.25,6.25,0.0,5.75,0.75,3.006690813501322
2024-04-01,2024,2,26,6.5,0.0,3.4636369040555994,7.203653421627691,9.557916001163832,0.04973528115209014,AONCR,Duplex,-0.45,0.7,1.0,AONCR_Duplex,0.0,0.25,0.5,-1.3965932075619907,-0.0037879709712928446,122.44340122903961,6.5,0.0,6.5,0.25,6.25,0.5,0.9907833135852746
2024-07-01,2024,3,27,6.25,-0.25,3.204368380234698,6.54815913607695,9.37685720877443,-0.18105879238940226,AONCR,Duplex,-0.45,0.7,1.0,AONCR_Duplex,0.0,0.0,0.0,-1.0775772796115277,-0.00035890260601601165,122.39946385833909,6.5,0.0,6.5,0.0,6.25,0.0,-4.109186474417246
2024-10-01,2024,4,28,6.0,-0.25,3.131997916467933,5.575948601638913,9.189357493890524,-0.1874997148839057,AONCR,Duplex,-0.45,0.7,1.0,AONCR_Duplex,-0.25,0.0,0.25,-0.7959638271965107,0.0031959418285898667,122.79127118790285,6.25,-0.25,6.5,0.0,6.5,0.25,-7.965360631182422
2025-01-01,2025,1,29,5.75,-0.25,1.8,5.0,8.974215227846123,-0.2151422660444009,AONCR,Duplex,-0.45,0.7,1.0,AONCR_Duplex,-0.25,-0.25,0.0,-1.764913905675498,-0.006546639056754982,121.99002664719274,6.0,-0.25,6.25,-0.25,6.5,0.0,-3.8799957332820494
2025-04-01,2025,2,30,5.5,-0.25,2.173061203528872,4.244591007606215,8.68616918501103,-0.2880460428350933,AONCR,Duplex,-0.45,0.7,1.0,AONCR_Duplex,-0.25,-0.25,0.0,0.9474266243485647,0.020405406232396638,124.50485346885944,5.75,-0.25,6.0,-0.25,6.5,0.0,-2.35351208276474
2025-07-01,2025,3,31,5.25,-0.25,1.3474150575376869,4.943768484708373,8.399883761389766,-0.28628542362126375,AONCR,Duplex,-0.45,0.7,1.0,AONCR_Duplex,-0.25,-0.25,-0.25,-0.347843670611569,0.007467200992911256,125.4380360290609,5.5,-0.25,5.75,-0.25,6.25,-0.25,-5.973714006865002
2025-10-01,2025,4,32,5.0,-0.25,1.653876661545189,3.9497939843187355,8.190626645523027,-0.20925711586673934,AONCR,Duplex,-0.45,0.7,1.0,AONCR_Duplex,-0.25,-0.25,-0.25,0.6228422579218839,0.01689325832180192,127.57509328226358,5.25,-0.25,5.5,-0.25,6.0,-0.25,-5.823113075573183
2026-01-01,2026,1,33,4.5,-0.5,4.5,3.6950562492494683,7.82876729234417,-0.36185935317885676,AONCR,Duplex,-0.45,0.7,1.0,AONCR_Duplex,-0.25,-0.25,-0.25,0.2183569007942097,0.013606715101410647,129.3228347758304,5.0,-0.25,5.25,-0.25,5.75,-0.25,-0.936233063774613
2026-04-01,2026,2,34,4.625,0.125,4.679466958498582,5.2171204950010654,7.7404883068636146,-0.08827898548055568,AONCR,Duplex,-0.45,0.7,1.0,AONCR_Duplex,-0.5,-0.25,-0.25,-0.01887027140798397,0.012984057559095135,131.01291823311064,4.5,-0.5,5.0,-0.25,5.5,-0.25,-1.6375832989396937
2018-01-01,2018,1,1,3.0,,4.0,6.3,6.1,,AONCR,Single-Detached,-0.35,0.75,0.95,AONCR_Single-Detached,,,,-0.031499295895186234,0.010747507041048137,101.08054689574398,,,,,,,4.946145146668803
2018-04-01,2018,2,2,3.25,0.25,4.698872845779609,4.806563547461692,6.2305049264677885,0.13050492646778888,AONCR,Single-Detached,-0.35,0.75,0.95,AONCR_Single-Detached,,,,-0.42286498984066895,0.006483473285625327,101.73802900194787,3.0,,,,,,-0.14054051051578131
2018-07-01,2018,3,3,4.0,0.75,4.730570586841166,4.8873232065108665,6.735777588582047,0.5052726621142583,AONCR,Single-Detached,-0.35,0.75,0.95,AONCR_Single-Detached,0.25,,,0.2220805154578751,0.012097722533072676,102.97630249017051,3.25,0.25,3.0,,,,-1.4549600452126301
2018-10-01,2018,4,4,4.75,0.75,5.091996451668118,5.530432015109393,7.2225004240703425,0.48672283548829576,AONCR,Single-Detached,-0.35,0.75,0.95,AONCR_Single-Detached,0.75,0.25,,-0.7045023589217798,0.0009939873519486597,103.07871052010775,4.0,0.75,3.25,0.25,,,4.445799686279171
2019-01-01,2019,1,5,4.75,0.0,3.8,6.013447902928668,7.583413704341121,0.3609132802707782,AONCR,Single-Detached,-0.35,0.75,0.95,AONCR_Single-Detached,0.75,0.75,,1.1869616267053313,0.018827159230651563,105.03777374657895,4.75,0.75,4.0,0.75,3.0,,-0.13560061836679715
2019-04-01,2019,2,6,4.5,-0.25,3.7235016875778957,6.661147271372238,7.634787468050925,0.05137376370980462,AONCR,Single-Detached,-0.35,0.75,0.95,AONCR_Single-Detached,0.0,0.75,0.25,-0.6910810472736736,0.0028916702603012222,105.34194792689324,4.75,0.0,4.75,0.75,3.25,0.25,6.280683188962378
2019-07-01,2019,3,7,4.25,-0.25,3.9943571127668194,7.805844480091282,7.537843258505781,-0.09694420954514449,AONCR,Single-Detached,-0.35,0.75,0.95,AONCR_Single-Detached,-0.25,0.0,0.75,-0.5881890768347557,0.006618608045516719,106.04147739302002,4.5,-0.25,4.75,0.0,4.0,0.75,0.31859126818943206
2019-10-01,2019,4,8,4.0,-0.25,3.465760800501286,7.687624841235176,7.3750989855478455,-0.16274427295793537,AONCR,Single-Detached,-0.35,0.75,0.95,AONCR_Single-Detached,-0.25,-0.25,0.75,-1.0122901602666343,0.0026121859529472324,106.3188395537505,4.25,-0.25,4.5,-0.25,4.75,0.75,2.848296892062181
2020-01-01,2020,1,9,3.75,-0.25,2.2,-0.7,7.080623865444629,-0.2944751201032165,AONCR,Single-Detached,-0.35,0.75,0.95,AONCR_Single-Detached,-0.25,-0.25,0.0,-0.6751882516087957,0.0024581174839120434,106.58050522284881,4.0,-0.25,4.25,-0.25,4.75,0.0,-4.178499080403652
2020-04-01,2020,2,10,2.75,-1.0,1.7330332722498218,-7.045966067955906,6.371889144048662,-0.7087347213959667,AONCR,Single-Detached,-0.35,0.75,0.95,AONCR_Single-Detached,-0.25,-0.25,-0.25,0.6912095859359787,0.013602268565551268,108.04014659031115,3.75,-0.25,4.0,-0.25,4.5,-0.25,-12.868316008333194
2020-07-01,2020,3,11,2.25,-0.5,2.5678852409948902,-9.035904447482224,5.787256106512813,-0.5846330375358493,AONCR,Single-Detached,-0.35,0.75,0.95,AONCR_Single-Detached,-1.0,-0.25,-0.25,-1.086713989014979,-0.0020477384856571568,107.81913498835311,2.75,-1.0,3.75,-0.25,4.25,-0.25,-9.6470412358826
2020-10-01,2020,4,12,2.0,-0.25,2.3389100339341686,-6.488040260447374,5.461117392223406,-0.32613871428940655,AONCR,Single-Detached,-0.35,0.75,0.95,AONCR_Single-Detached,-0.5,-1.0,-0.25,0.22464520524036083,0.011515109964916094,109.06785998876659,2.25,-0.5,2.75,-1.0,4.0,-0.25,-8.368555435148552
2021-01-01,2021,1,13,2.0,0.0,2.9599481726530636,3.5,5.25489088741875,-0.20622650480465676,AONCR,Single-Detached,-0.35,0.75,0.95,AONCR_Single-Detached,-0.25,-0.5,-0.25,-0.31127993014904765,0.008337685150305443,109.98103505838665,2.0,-0.25,2.25,-0.5,3.75,-0.25,1.3739119659649113
2021-04-01,2021,2,14,2.0,0.0,2.89306308425626,3.321313221938798,5.206473545540003,-0.048417341878746356,AONCR,Single-Detached,-0.35,0.75,0.95,AONCR_Single-Detached,0.0,-0.25,-1.0,-1.3434411323705637,-0.0033834999402017106,109.60954305882795,2.0,0.0,2.0,-0.25,2.75,-1.0,4.845011730824421
2021-07-01,2021,3,15,2.0,0.0,2.8277963531994934,3.0301866116687646,5.180745300541072,-0.025728244998931338,AONCR,Single-Detached,-0.35,0.75,0.95,AONCR_Single-Detached,0.0,0.0,-0.5,-0.21361339162660647,0.00734852496906957,110.41797828806759,2.0,0.0,2.0,0.0,2.25,-0.5,2.3309650207531387
2021-10-01,2021,4,16,2.0,0.0,2.6336316855425452,6.00416389559609,5.044770684415611,-0.1359746161254609,AONCR,Single-Detached,-0.35,0.75,0.95,AONCR_Single-Detached,0.0,0.0,-0.25,-3.5509697290858115,-0.024968046324346814,107.69518989266895,2.0,0.0,2.0,0.0,2.0,-0.25,5.699439995167068
2022-01-01,2022,1,17,2.0,0.0,3.0,8.2,5.039231316423039,-0.005539367992572153,AONCR,Single-Detached,-0.35,0.75,0.95,AONCR_Single-Detached,0.0,0.0,0.0,-0.3341259090486891,0.00813374090951311,108.57472677802052,2.0,0.0,2.0,0.0,2.0,0.0,3.154410153362214
2022-04-01,2022,2,18,2.5,0.5,4.234248869877067,6.371201634503846,5.393558958301544,0.3543276418785055,AONCR,Single-Detached,-0.35,0.75,0.95,AONCR_Single-Detached,0.0,0.0,0.0,-0.796817234496264,0.0031913029289394224,108.9217750952113,2.0,0.0,2.0,0.0,2.0,0.0,7.531268971044042
2022-07-01,2022,3,19,3.75,1.25,4.469159250277384,7.09681390411188,6.236073272757313,0.8425143144557685,AONCR,Single-Detached,-0.35,0.75,0.95,AONCR_Single-Detached,0.5,0.0,0.0,-0.5203080666825154,0.004548972322300016,109.41838591347899,2.5,0.5,2.0,0.0,2.0,0.0,3.9123405256047903
2022-10-01,2022,4,20,5.0,1.25,5.0896345976435615,7.010877457639748,7.229721678988704,0.9936484062313911,AONCR,Single-Detached,-0.35,0.75,0.95,AONCR_Single-Detached,1.25,0.5,0.0,1.2653752658981616,0.019059722084889593,111.52387118357365,3.75,1.25,2.5,0.5,2.0,0.0,1.5373280116229266
2023-01-01,2023,1,21,5.75,0.75,8.0,5.5,8.070966842960146,0.8412451639714424,AONCR,Single-Detached,-0.35,0.75,0.95,AONCR_Single-Detached,1.25,1.25,0.0,0.2717847439383295,0.008117847439383296,112.43288960012516,5.0,1.25,3.75,1.25,2.0,0.0,-5.728655418084244
2023-04-01,2023,2,22,6.25,0.5,8.155429552863874,6.374844613584793,8.738674988065059,0.6677081451049123,AONCR,Single-Detached,-0.35,0.75,0.95,AONCR_Single-Detached,0.75,1.25,0.5,0.07815983676687009,0.00830629396362216,113.37067962025684,5.75,0.75,5.0,1.25,2.5,0.5,-2.5115053245340553
2023-07-01,2023,3,23,6.25,0.0,6.667742416294605,6.744282989543375,9.042506761018442,0.3038317729533837,AONCR,Single-Detached,-0.35,0.75,0.95,AONCR_Single-Detached,0.5,0.75,1.25,0.8959934519527472,0.01792686336549462,115.42138675701695,6.25,0.5,5.75,0.75,3.75,1.25,3.743860923073493
2023-10-01,2023,4,24,6.5,0.25,6.237253959575014,6.443976500689383,9.407545459031587,0.36503869801314437,AONCR,Single-Detached,-0.35,0.75,0.95,AONCR_Single-Detached,0.0,0.5,1.25,-0.9756626196451559,0.0011560411791794634,115.55489578916674,6.25,0.0,6.25,0.5,5.0,1.25,-2.204019038930452
2024-01-01,2024,1,25,6.5,0.0,3.9,6.267600870840498,9.508180720011742,0.1006352609801553,AONCR,Single-Detached,-0.35,0.75,0.95,AONCR_Single-Detached,0.25,0.0,0.75,0.07367613433311784,0.010882111669896366,116.81924398123343,6.5,0.25,6.25,0.0,5.75,0.75,-5.458197674457124
2024-04-01,2024,2,26,6.5,0.0,3.4636369040555994,7.203653421627691,9.557916001163832,0.04973528115209014,AONCR,Single-Detached,-0.35,0.75,0.95,AONCR_Single-Detached,0.0,0.25,0.5,-1.515899524148496,-0.004356034137157896,116.31148208355377,6.5,0.0,6.5,0.25,6.25,0.5,-1.7080759412412467
2024-07-01,2024,3,27,6.25,-0.25,3.204368380234698,6.54815913607695,9.37685720877443,-0.18105879238940226,AONCR,Single-Detached,-0.35,0.75,0.95,AONCR_Single-Detached,0.0,0.0,0.0,-0.03379528293724995,0.010578917360726768,117.54846306418783,6.5,0.0,6.5,0.0,6.25,0.0,-3.865269984776811
2024-10-01,2024,4,28,6.0,-0.25,3.131997916467933,5.575948601638913,9.189357493890524,-0.1874997148839057,AONCR,Single-Detached,-0.35,0.75,0.95,AONCR_Single-Detached,-0.25,0.0,0.25,-0.5255596664325929,0.006149983436229044,118.27361170548905,6.25,-0.25,6.5,0.0,6.5,0.25,-5.579994096204783
2025-01-01,2025,1,29,5.75,-0.25,1.8,5.0,8.974215227846123,-0.2151422660444009,AONCR,Single-Detached,-0.35,0.75,0.95,AONCR_Single-Detached,-0.25,-0.25,0.0,-0.7687574362863557,0.003539925637136444,118.69303341861597,6.0,-0.25,6.25,-0.25,6.5,0.0,-4.339358668147687
2025-04-01,2025,2,30,5.5,-0.25,2.173061203528872,4.244591007606215,8.68616918501103,-0.2880460428350933,AONCR,Single-Detached,-0.35,0.75,0.95,AONCR_Single-Detached,-0.25,-0.25,0.0,-0.7813700229536245,0.003242439759374747,119.07851303883123,5.75,-0.25,6.0,-0.25,6.5,0.0,-5.2369163320652445
2025-07-01,2025,3,31,5.25,-0.25,1.3474150575376869,4.943768484708373,8.399883761389766,-0.28628542362126375,AONCR,Single-Detached,-0.35,0.75,0.95,AONCR_Single-Detached,-0.25,-0.25,-0.25,-0.5556711459481891,0.005513926239545055,119.73691670292116,5.5,-0.25,5.75,-0.25,6.25,-0.25,-7.988481875389115
2025-10-01,2025,4,32,5.0,-0.25,1.653876661545189,3.9497939843187355,8.190626645523027,-0.20925711586673934,AONCR,Single-Detached,-0.35,0.75,0.95,AONCR_Single-Detached,-0.25,-0.25,-0.25,-0.554517438427944,0.005244661358303643,120.36654593593032,5.25,-0.25,5.5,-0.25,6.0,-0.25,-0.190212262268465
2026-01-01,2026,1,33,4.5,-0.5,4.5,3.6950562492494683,7.82876729234417,-0.36185935317885676,AONCR,Single-Detached,-0.35,0.75,0.95,AONCR_Single-Detached,-0.25,-0.25,-0.25,0.5657219304704462,0.017205365398173012,122.45541468607466,5.0,-0.25,5.25,-0.25,5.75,-0.25,-1.5284591495492506
2026-04-01,2026,2,34,4.625,0.125,4.679466958498582,5.2171204950010654,7.7404883068636146,-0.08827898548055568,AONCR,Single-Detached,-0.35,0.75,0.95,AONCR_Single-Detached,-0.5,-0.25,-0.25,-1.1119308783465787,0.0019284514897091886,122.69179186065047,4.5,-0.5,5.0,-0.25,5.5,-0.25,0.7809295763143047
2018-01-01,2018,1,1,3.0,,4.0,6.3,6.1,,AONCR,Townhouse,-0.55,0.78,1.05,AONCR_Townhouse,,,,1.466394319001892,0.02602644319001892,102.63680885610005,,,,,,,3.4877741119669183
2018-04-01,2018,2,2,3.25,0.25,4.698872845779609,4.806563547461692,6.2305049264677885,0.13050492646778888,AONCR,Townhouse,-0.55,0.78,1.05,AONCR_Townhouse,,,,0.5589742616391972,0.016601865800423988,104.35499446238327,3.0,,,,,,-2.312831841829153
2018-07-01,2018,3,3,4.0,0.75,4.730570586841166,4.8873232065108665,6.735777588582047,0.5052726621142583,AONCR,Townhouse,-0.55,0.78,1.05,AONCR_Townhouse,0.25,,,1.277902951591679,0.02245594689441072,106.7248942600088,3.25,0.25,3.0,,,,-0.8058069258086871
2018-10-01,2018,4,4,4.75,0.75,5.091996451668118,5.530432015109393,7.2225004240703425,0.48672283548829576,AONCR,Townhouse,-0.55,0.78,1.05,AONCR_Townhouse,0.75,0.25,,0.6911210850349576,0.013500221791516033,108.1754735428877,4.0,0.75,3.25,0.25,,,1.3865227096869364
2019-01-01,2019,1,5,4.75,0.0,3.8,6.013447902928668,7.583413704341121,0.3609132802707782,AONCR,Townhouse,-0.55,0.78,1.05,AONCR_Townhouse,0.75,0.75,,-0.0931787953019228,0.004075755010579022,108.61726998665131,4.75,0.75,4.0,0.75,3.0,,-3.977497889300655
2019-04-01,2019,2,6,4.5,-0.25,3.7235016875778957,6.661147271372238,7.634787468050925,0.05137376370980462,AONCR,Townhouse,-0.55,0.78,1.05,AONCR_Townhouse,0.0,0.75,0.25,-0.9722327276548731,-0.0003698465435107745,108.57710569255168,4.75,0.0,4.75,0.75,3.25,0.25,1.0195469988774164
2019-07-01,2019,3,7,4.25,-0.25,3.9943571127668194,7.805844480091282,7.537843258505781,-0.09694420954514449,AONCR,Townhouse,-0.55,0.78,1.05,AONCR_Townhouse,-0.25,0.0,0.75,-1.7814911536110238,-0.004514412722245962,108.08804855872059,4.5,-0.25,4.75,0.0,4.0,0.75,-3.3432556369326853
2019-10-01,2019,4,8,4.0,-0.25,3.465760800501286,7.687624841235176,7.3750989855478455,-0.16274427295793537,AONCR,Townhouse,-0.55,0.78,1.05,AONCR_Townhouse,-0.25,-0.25,0.75,-0.2952731506825072,0.010832356048788502,109.26526126778262,4.25,-0.25,4.5,-0.25,4.75,0.75,2.3287936662137856
2020-01-01,2020,1,9,3.75,-0.25,2.2,-0.7,7.080623865444629,-0.2944751201032165,AONCR,Townhouse,-0.55,0.78,1.05,AONCR_Townhouse,-0.25,-0.25,0.0,-0.9023688974158894,0.0012363110258411059,109.40043065351355,4.0,-0.25,4.25,-0.25,4.75,0.0,-8.58836543873186
2020-04-01,2020,2,10,2.75,-1.0,1.7330332722498218,-7.045966067955906,6.371889144048662,-0.7087347213959667,AONCR,Townhouse,-0.55,0.78,1.05,AONCR_Townhouse,-0.25,-0.25,-0.25,0.32574500317867155,0.010997622737978196,110.61021550252777,3.75,-0.25,4.0,-0.25,4.5,-0.25,-10.555246260856006
2020-07-01,2020,3,11,2.25,-0.5,2.5678852409948902,-9.035904447482224,5.787256106512813,-0.5846330375358493,AONCR,Townhouse,-0.55,0.78,1.05,AONCR_Townhouse,-1.0,-0.25,-0.25,0.15212517557584584,0.012890653160251094,112.04528303353767,2.75,-1.0,3.75,-0.25,4.25,-0.25,-15.252594151233875
2020-10-01,2020,4,12,2.0,-0.25,2.3389100339341686,-6.488040260447374,5.461117392223406,-0.32613871428940655,AONCR,Townhouse,-0.55,0.78,1.05,AONCR_Townhouse,-0.5,-1.0,-0.25,1.1178528137276056,0.02274718604978854,114.62320703318693,2.25,-0.5,2.75,-1.0,4.0,-0.25,-4.490160281815298
2021-01-01,2021,1,13,2.0,0.0,2.9599481726530636,3.5,5.25489088741875,-0.20622650480465676,AONCR,Townhouse,-0.55,0.78,1.05,AONCR_Townhouse,-0.25,-0.5,-0.25,-0.24036106940384908,0.010346873757757426,115.81535575652337,2.0,-0.25,2.25,-0.5,3.75,-0.25,3.5754886884810704
2021-04-01,2021,2,14,2.0,0.0,2.89306308425626,3.321313221938798,5.206473545540003,-0.048417341878746356,AONCR,Townhouse,-0.55,0.78,1.05,AONCR_Townhouse,0.0,-0.25,-1.0,-1.948591718193201,-0.008885005798428085,114.79089356486527,2.0,0.0,2.0,-0.25,2.75,-1.0,1.947457584132494
2021-07-01,2021,3,15,2.0,0.0,2.8277963531994934,3.0301866116687646,5.180745300541072,-0.025728244998931338,AONCR,Townhouse,-0.55,0.78,1.05,AONCR_Townhouse,0.0,0.0,-0.5,0.02873589705310824,0.010072017855866717,115.95291160431655,2.0,0.0,2.0,0.0,2.25,-0.5,2.0118978218190033
2021-10-01,2021,4,16,2.0,0.0,2.6336316855425452,6.00416389559609,5.044770684415611,-0.1359746161254609,AONCR,Townhouse,-0.55,0.78,1.05,AONCR_Townhouse,0.0,0.0,-0.25,-1.366553583737576,-0.0028238848708644613,115.62593581977426,2.0,0.0,2.0,0.0,2.0,-0.25,4.501779132102951
2022-01-01,2022,1,17,2.0,0.0,3.0,8.2,5.039231316423039,-0.005539367992572153,AONCR,Townhouse,-0.55,0.78,1.05,AONCR_Townhouse,0.0,0.0,0.0,-0.4743247895504247,0.007031752104495753,116.44185404269297,2.0,0.0,2.0,0.0,2.0,0.0,-0.7637319709319481
2022-04-01,2022,2,18,2.5,0.5,4.234248869877067,6.371201634503846,5.393558958301544,0.3543276418785055,AONCR,Townhouse,-0.55,0.78,1.05,AONCR_Townhouse,0.0,0.0,0.0,0.18813862378391208,0.013340861511741181,118.00569700368683,2.0,0.0,2.0,0.0,2.0,0.0,-0.6213420237259735
2022-07-01,2022,3,19,3.75,1.25,4.469159250277384,7.09681390411188,6.236073272757313,0.8425143144557685,AONCR,Townhouse,-0.55,0.78,1.05,AONCR_Townhouse,0.5,0.0,0.0,-0.024435724411185897,0.00880769574501331,119.04964592256904,2.5,0.5,2.0,0.0,2.0,0.0,0.036758929185475075
2022-10-01,2022,4,20,5.0,1.25,5.0896345976435615,7.010877457639748,7.229721678988704,0.9936484062313911,AONCR,Townhouse,-0.55,0.78,1.05,AONCR_Townhouse,1.25,0.5,0.0,-1.4934450846594853,-0.011228481420686878,117.72037599257735,3.75,1.25,2.5,0.5,2.0,0.0,-0.6859326610119414
2023-01-01,2023,1,21,5.75,0.75,8.0,5.5,8.070966842960146,0.8412451639714424,AONCR,Townhouse,-0.55,0.78,1.05,AONCR_Townhouse,1.25,1.25,0.0,0.9964001266174847,0.011914001266174847,119.13128479678439,5.0,1.25,3.75,1.25,2.0,0.0,-1.4746775220676684
2023-04-01,2023,2,22,6.25,0.5,8.155429552863874,6.374844613584793,8.738674988065059,0.6677081451049123,AONCR,Townhouse,-0.55,0.78,1.05,AONCR_Townhouse,0.75,1.25,0.5,-0.17482234234725752,0.0033264721724808838,119.52823155066645,5.75,0.75,5.0,1.25,2.5,0.5,-1.3608437736560686
2023-07-01,2023,3,23,6.25,0.0,6.667742416294605,6.744282989543375,9.042506761018442,0.3038317729533837,AONCR,Townhouse,-0.55,0.78,1.05,AONCR_Townhouse,0.5,0.75,1.25,0.18316826703176012,0.009348611516284749,120.65089404403004,6.25,0.5,5.75,0.75,3.75,1.25,-1.0728416501747648
2023-10-01,2023,4,24,6.5,0.25,6.237253959575014,6.443976500689383,9.407545459031587,0.36503869801314437,AONCR,Townhouse,-0.55,0.78,1.05,AONCR_Townhouse,0.0,0.5,1.25,1.586485096707516,0.02657751834270618,123.90048717320241,6.25,0.0,6.25,0.5,5.0,1.25,-6.612619716755028
2024-01-01,2024,1,25,6.5,0.0,3.9,6.267600870840498,9.508180720011742,0.1006352609801553,AONCR,Townhouse,-0.55,0.78,1.05,AONCR_Townhouse,0.25,0.0,0.75,1.2652531590936777,0.022597881917501964,126.73225118049223,6.5,0.25,6.25,0.0,5.75,0.75,-0.4826864672828388
2024-04-01,2024,2,26,6.5,0.0,3.4636369040555994,7.203653421627691,9.557916001163832,0.04973528115209014,AONCR,Townhouse,-0.55,0.78,1.05,AONCR_Townhouse,0.0,0.25,0.5,-0.44866903063404523,0.006366270797986611,127.54163666026037,6.5,0.0,6.5,0.25,6.25,0.5,-1.7045664330363268
2024-07-01,2024,3,27,6.25,-0.25,3.204368380234698,6.54815913607695,9.37685720877443,-0.18105879238940226,AONCR,Townhouse,-0.55,0.78,1.05,AONCR_Townhouse,0.0,0.0,0.0,-0.07077016045184713,0.010509168585580795,128.88906097517787,6.5,0.0,6.5,0.0,6.25,0.0,-3.7085637165052248
2024-10-01,2024,4,28,6.0,-0.25,3.131997916467933,5.575948601638913,9.189357493890524,-0.1874997148839057,AONCR,Townhouse,-0.55,0.78,1.05,AONCR_Townhouse,-0.25,0.0,0.25,0.9419969506510704,0.021625549607065676,131.70671460241618,6.25,-0.25,6.5,0.0,6.5,0.25,-1.4461533834766058
2025-01-01,2025,1,29,5.75,-0.25,1.8,5.0,8.974215227846123,-0.2151422660444009,AONCR,Townhouse,-0.55,0.78,1.05,AONCR_Townhouse,-0.25,-0.25,0.0,-0.3628312877883034,0.008649187122116967,132.85081124288502,6.0,-0.25,6.25,-0.25,6.5,0.0,-7.0342405673734785
2025-04-01,2025,2,30,5.5,-0.25,2.173061203528872,4.244591007606215,8.68616918501103,-0.2880460428350933,AONCR,Townhouse,-0.55,0.78,1.05,AONCR_Townhouse,-0.25,-0.25,0.0,0.23251504356153957,0.014431290424526386,134.7819205681916,5.75,-0.25,6.0,-0.25,6.5,0.0,-8.878148538487647
2025-07-01,2025,3,31,5.25,-0.25,1.3474150575376869,4.943768484708373,8.399883761389766,-0.28628542362126375,AONCR,Townhouse,-0.55,0.78,1.05,AONCR_Townhouse,-0.25,-0.25,-0.25,-0.42801120744557236,0.007840525624571222,135.8428352998351,5.5,-0.25,5.75,-0.25,6.25,-0.25,-5.7541686342778124
2025-10-01,2025,4,32,5.0,-0.25,1.653876661545189,3.9497939843187355,8.190626645523027,-0.20925711586673934,AONCR,Townhouse,-0.55,0.78,1.05,AONCR_Townhouse,-0.25,-0.25,-0.25,2.2228827574085694,0.03406866331666878,140.55055667157725,5.25,-0.25,5.5,-0.25,6.0,-0.25,-6.664595952800315
2026-01-01,2026,1,33,4.5,-0.5,4.5,3.6950562492494683,7.82876729234417,-0.36185935317885676,AONCR,Townhouse,-0.55,0.78,1.05,AONCR_Townhouse,-0.25,-0.25,-0.25,1.7823621824988836,0.03042176791845739,144.89205630742705,5.0,-0.25,5.25,-0.25,5.75,-0.25,-6.14745573559369
2026-04-01,2026,2,34,4.625,0.125,4.679466958498582,5.2171204950010654,7.7404883068636146,-0.08827898548055568,AONCR,Townhouse,-0.55,0.78,1.05,AONCR_Townhouse,-0.5,-0.25,-0.25,0.5224107757400207,0.019821868030575184,147.79274104709498,4.5,-0.5,5.0,-0.25,5.5,-0.25,-2.1099082607814577
2018-01-01,2018,1,1,3.0,,4.0,6.3,6.1,,NCR,Condominium,-1.35,1.0,1.6,NCR_Condominium,,,,-2.408924403045691,-0.010526744030456907,98.95284682345269,,,,,,,2.8038752064621226
2018-04-01,2018,2,2,3.25,0.25,4.698872845779609,4.806563547461692,6.2305049264677885,0.13050492646778888,NCR,Condominium,-1.35,1.0,1.6,NCR_Condominium,,,,0.7880080903647907,0.021092204087679926,101.06214716191704,3.0,,,,,,-0.49622428846357836
2018-07-01,2018,3,3,4.0,0.75,4.730570586841166,4.8873232065108665,6.735777588582047,0.5052726621142583,NCR,Condominium,-1.35,1.0,1.6,NCR_Condominium,0.25,,,1.9913703671592846,0.02979062105008677,104.11814532373485,3.25,0.25,3.0,,,,-2.4543779865443085
2018-10-01,2018,4,4,4.75,0.75,5.091996451668118,5.530432015109393,7.2225004240703425,0.48672283548829576,NCR,Condominium,-1.35,1.0,1.6,NCR_Condominium,0.75,0.25,,0.4886081404090252,0.006675092345256708,104.8154683170669,4.0,0.75,3.25,0.25,,,-2.157706913876217
2019-01-01,2019,1,5,4.75,0.0,3.8,6.013447902928668,7.583413704341121,0.3609132802707782,NCR,Condominium,-1.35,1.0,1.6,NCR_Condominium,0.75,0.75,,1.589082923985841,0.014098372203456657,106.30366170435308,4.75,0.75,4.0,0.75,3.0,,-0.49638350770843076
2019-04-01,2019,2,6,4.5,-0.25,3.7235016875778957,6.661147271372238,7.634787468050925,0.05137376370980462,NCR,Condominium,-1.35,1.0,1.6,NCR_Condominium,0.0,0.75,0.25,-0.13715465415601996,0.007180934191477757,107.06976869322568,4.75,0.0,4.75,0.75,3.25,0.25,1.7194275370899754
2019-07-01,2019,3,7,4.25,-0.25,3.9943571127668194,7.805844480091282,7.537843258505781,-0.09694420954514449,NCR,Condominium,-1.35,1.0,1.6,NCR_Condominium,-0.25,0.0,0.75,0.37347418270458815,0.021235240640910157,109.3677335631226,4.5,-0.25,4.75,0.0,4.0,0.75,-3.977291562572967
2019-10-01,2019,4,8,4.0,-0.25,3.465760800501286,7.687624841235176,7.3750989855478455,-0.16274427295793537,NCR,Condominium,-1.35,1.0,1.6,NCR_Condominium,-0.25,-0.25,0.75,2.469089928605085,0.043675986841664426,114.25032716035359,4.25,-0.25,4.5,-0.25,4.75,0.75,2.6546665428285126
2020-01-01,2020,1,9,3.75,-0.25,2.2,-0.7,7.080623865444629,-0.2944751201032165,NCR,Condominium,-1.35,1.0,1.6,NCR_Condominium,-0.25,-0.25,0.0,0.3080926682666693,0.018540926682666693,116.38839371815848,4.0,-0.25,4.25,-0.25,4.75,0.0,-7.720496017638388
2020-04-01,2020,2,10,2.75,-1.0,1.7330332722498218,-7.045966067955906,6.371889144048662,-0.7087347213959667,NCR,Condominium,-1.35,1.0,1.6,NCR_Condominium,-0.25,-0.25,-0.25,0.1957668266316802,0.014897840972508281,118.13530982809766,3.75,-0.25,4.0,-0.25,4.5,-0.25,-4.919719799121127
2020-07-01,2020,3,11,2.25,-0.5,2.5678852409948902,-9.035904447482224,5.787256106512813,-0.5846330375358493,NCR,Condominium,-1.35,1.0,1.6,NCR_Condominium,-1.0,-0.25,-0.25,2.1092368001556543,0.043661769406049177,123.40756698525726,2.75,-1.0,3.75,-0.25,4.25,-0.25,-6.095360700325001
2020-10-01,2020,4,12,2.0,-0.25,2.3389100339341686,-6.488040260447374,5.461117392223406,-0.32613871428940655,NCR,Condominium,-1.35,1.0,1.6,NCR_Condominium,-0.5,-1.0,-0.25,-0.22238950004962776,0.019544762912016213,125.84326364500826,2.25,-0.5,2.75,-1.0,4.0,-0.25,-7.0369146933554605
2021-01-01,2021,1,13,2.0,0.0,2.9599481726530636,3.5,5.25489088741875,-0.20622650480465676,NCR,Condominium,-1.35,1.0,1.6,NCR_Condominium,-0.25,-0.5,-0.25,2.5480922646313453,0.04443140709810937,131.56073398432042,2.0,-0.25,2.25,-0.5,3.75,-0.25,-5.31526156813899
2021-04-01,2021,2,14,2.0,0.0,2.89306308425626,3.321313221938798,5.206473545540003,-0.048417341878746356,NCR,Condominium,-1.35,1.0,1.6,NCR_Condominium,0.0,-0.25,-1.0,2.371605780124368,0.0375169691847476,136.59025017293627,2.0,0.0,2.0,-0.25,2.75,-1.0,-2.085821195492713
2021-07-01,2021,3,15,2.0,0.0,2.8277963531994934,3.0301866116687646,5.180745300541072,-0.025728244998931338,NCR,Condominium,-1.35,1.0,1.6,NCR_Condominium,0.0,0.0,-0.5,-1.0048058569389497,0.0019366003159461377,136.85502719545696,2.0,0.0,2.0,0.0,2.25,-0.5,-3.3682609699702377
2021-10-01,2021,4,16,2.0,0.0,2.6336316855425452,6.00416389559609,5.044770684415611,-0.1359746161254609,NCR,Condominium,-1.35,1.0,1.6,NCR_Condominium,0.0,0.0,-0.25,1.4097302173727202,0.027138953140238495,140.61998681820216,2.0,0.0,2.0,0.0,2.0,-0.25,-0.24700706082054236
2022-01-01,2022,1,17,2.0,0.0,3.0,8.2,5.039231316423039,-0.005539367992572153,NCR,Condominium,-1.35,1.0,1.6,NCR_Condominium,0.0,0.0,0.0,-1.412822194691613,-0.0001532219469161311,140.5984424006275,2.0,0.0,2.0,0.0,2.0,0.0,7.248803887801234
2022-04-01,2022,2,18,2.5,0.5,4.234248869877067,6.371201634503846,5.393558958301544,0.3543276418785055,NCR,Condominium,-1.35,1.0,1.6,NCR_Condominium,0.0,0.0,0.0,0.40178375999708377,0.017677312873872898,143.105942693616,2.0,0.0,2.0,0.0,2.0,0.0,3.4564751672400367
2022-07-01,2022,3,19,3.75,1.25,4.469159250277384,7.09681390411188,6.236073272757313,0.8425143144557685,NCR,Condominium,-1.35,1.0,1.6,NCR_Condominium,0.5,0.0,0.0,-0.9010488014812833,-0.0017584350256876636,142.85452131046753,2.5,0.5,2.0,0.0,2.0,0.0,2.4611380092216057
2022-10-01,2022,4,20,5.0,1.25,5.0896345976435615,7.010877457639748,7.229721678988704,0.9936484062313911,NCR,Condominium,-1.35,1.0,1.6,NCR_Condominium,1.25,0.5,0.0,0.3103475070655,-0.002990555503437024,142.42794510340434,3.75,1.25,2.5,0.5,2.0,0.0,0.9705182476187475
2023-01-01,2023,1,21,5.75,0.75,8.0,5.5,8.070966842960146,0.8412451639714424,NCR,Condominium,-1.35,1.0,1.6,NCR_Condominium,1.25,1.25,0.0,-2.4661770372770153,-0.03551177037277015,137.4588298577681,5.0,1.25,3.75,1.25,2.0,0.0,-0.09913795868487818
2023-04-01,2023,2,22,6.25,0.5,8.155429552863874,6.374844613584793,8.738674988065059,0.6677081451049123,NCR,Condominium,-1.35,1.0,1.6,NCR_Condominium,0.75,1.25,0.5,2.7946075706191134,0.02422077130214459,140.82883606565997,5.75,0.75,5.0,1.25,2.5,0.5,-2.3157439072492485
2023-07-01,2023,3,23,6.25,0.0,6.667742416294605,6.744282989543375,9.042506761018442,0.3038317729533837,NCR,Condominium,-1.35,1.0,1.6,NCR_Condominium,0.5,0.75,1.25,-0.13402706133765493,0.0013766582325905965,141.02284275202697,6.25,0.5,5.75,0.75,3.75,1.25,5.1089118152053015
2023-10-01,2023,4,24,6.5,0.25,6.237253959575014,6.443976500689383,9.407545459031587,0.36503869801314437,NCR,Condominium,-1.35,1.0,1.6,NCR_Condominium,0.0,0.5,1.25,-4.003927418156045,-0.029126606805929427,136.97456830476895,6.25,0.0,6.25,0.5,5.0,1.25,3.6163169421221815
2024-01-01,2024,1,25,6.5,0.0,3.9,6.267600870840498,9.508180720011742,0.1006352609801553,NCR,Condominium,-1.35,1.0,1.6,NCR_Condominium,0.25,0.0,0.75,0.040984763523120055,0.010555197961796388,138.42801922573418,6.5,0.25,6.25,0.0,5.75,0.75,-5.059983944612862
2024-04-01,2024,2,26,6.5,0.0,3.4636369040555994,7.203653421627691,9.557916001163832,0.04973528115209014,NCR,Condominium,-1.35,1.0,1.6,NCR_Condominium,0.0,0.25,0.5,1.5315079675770056,0.02736804078009712,142.2688410538286,6.5,0.0,6.5,0.25,6.25,0.5,-4.606910339422245
2024-07-01,2024,3,27,6.25,-0.25,3.204368380234698,6.54815913607695,9.37685720877443,-0.18105879238940226,NCR,Condominium,-1.35,1.0,1.6,NCR_Condominium,0.0,0.0,0.0,-1.6608875096508804,-0.0031920049064095377,141.81544222576682,6.5,0.0,6.5,0.0,6.25,0.0,-2.37402250063434
2024-10-01,2024,4,28,6.0,-0.25,3.131997916467933,5.575948601638913,9.189357493890524,-0.1874997148839057,NCR,Condominium,-1.35,1.0,1.6,NCR_Condominium,-0.25,0.0,0.25,0.784063341680218,0.024246213517357153,145.29595382343982,6.25,-0.25,6.5,0.0,6.5,0.25,-1.6456136267551427
2025-01-01,2025,1,29,5.75,-0.25,1.8,5.0,8.974215227846123,-0.2151422660444009,NCR,Condominium,-1.35,1.0,1.6,NCR_Condominium,-0.25,-0.25,0.0,-0.18681082451122535,0.015609391754887745,147.58172865330417,6.0,-0.25,6.25,-0.25,6.5,0.0,-4.791046949939243
2025-04-01,2025,2,30,5.5,-0.25,2.173061203528872,4.244591007606215,8.68616918501103,-0.2880460428350933,NCR,Condominium,-1.35,1.0,1.6,NCR_Condominium,-0.25,-0.25,0.0,0.06649194750600952,0.017971059463971085,150.25790349920402,5.75,-0.25,6.0,-0.25,6.5,0.0,-3.8372554625702135
2025-07-01,2025,3,31,5.25,-0.25,1.3474150575376869,4.943768484708373,8.399883761389766,-0.28628542362126375,NCR,Condominium,-1.35,1.0,1.6,NCR_Condominium,-0.25,-0.25,-0.25,-1.651635037066668,0.0008042873283602669,150.37880263928034,5.5,-0.25,5.75,-0.25,6.25,-0.25,-5.344849698912839
2025-10-01,2025,4,32,5.0,-0.25,1.653876661545189,3.9497939843187355,8.190626645523027,-0.20925711586673934,NCR,Condominium,-1.35,1.0,1.6,NCR_Condominium,-0.25,-0.25,-0.25,-0.8840607003099461,0.00819922873948362,151.61686146750867,5.25,-0.25,5.5,-0.25,6.0,-0.25,-4.6797757040937915
2026-01-01,2026,1,33,4.5,-0.5,4.5,3.6950562492494683,7.82876729234417,-0.36185935317885676,NCR,Condominium,-1.35,1.0,1.6,NCR_Condominium,-0.25,-0.25,-0.25,-3.501299045710907,-0.01721484436364052,149.02913832586228,5.0,-0.25,5.25,-0.25,5.75,-0.25,-3.176546785554951
2026-04-01,2026,2,34,4.625,0.125,4.679466958498582,5.2171204950010654,7.7404883068636146,-0.08827898548055568,NCR,Condominium,-1.35,1.0,1.6,NCR_Condominium,-0.5,-0.25,-0.25,-1.2067426930752798,0.009730333342422173,150.4863194514867,4.5,-0.5,5.0,-0.25,5.5,-0.25,-5.363636524721306
2018-01-01,2018,1,1,3.0,,4.0,6.3,6.1,,NCR,Duplex,-0.7,0.8,1.15,NCR_Duplex,,,,-2.5588092153884894,-0.014025592153884894,98.60723082256872,,,,,,,0.9183916444971478
2018-04-01,2018,2,2,3.25,0.25,4.698872845779609,4.806563547461692,6.2305049264677885,0.13050492646778888,NCR,Duplex,-0.7,0.8,1.15,NCR_Duplex,,,,2.25582632458332,0.03377038642986521,101.99410120251393,3.0,,,,,,2.094314720878145
2018-07-01,2018,3,3,4.0,0.75,4.730570586841166,4.8873232065108665,6.735777588582047,0.5052726621142583,NCR,Duplex,-0.7,0.8,1.15,NCR_Duplex,0.25,,,-1.6343752665700912,-0.0068418352872069875,101.29865613497566,3.25,0.25,3.0,,,,-3.4220640392402597
2018-10-01,2018,4,4,4.75,0.75,5.091996451668118,5.530432015109393,7.2225004240703425,0.48672283548829576,NCR,Duplex,-0.7,0.8,1.15,NCR_Duplex,0.75,0.25,,-1.2711393673244873,-0.007234882732078413,100.56841701937738,4.0,0.75,3.25,0.25,,,-0.23812033175153474
2019-01-01,2019,1,5,4.75,0.0,3.8,6.013447902928668,7.583413704341121,0.3609132802707782,NCR,Duplex,-0.7,0.8,1.15,NCR_Duplex,0.75,0.75,,-0.02270329444766549,0.0032930100191215974,100.90013570093963,4.75,0.75,4.0,0.75,3.0,,-1.429699532536755
2019-04-01,2019,2,6,4.5,-0.25,3.7235016875778957,6.661147271372238,7.634787468050925,0.05137376370980462,NCR,Duplex,-0.7,0.8,1.15,NCR_Duplex,0.0,0.75,0.25,-0.06699477196933341,0.008320033013344623,101.7431301690501,4.75,0.0,4.75,0.75,3.25,0.25,-3.14300706942128
2019-07-01,2019,3,7,4.25,-0.25,3.9943571127668194,7.805844480091282,7.537843258505781,-0.09694420954514449,NCR,Duplex,-0.7,0.8,1.15,NCR_Duplex,-0.25,0.0,0.75,-0.4697110722460104,0.009178388091404173,102.68126680852635,4.5,-0.25,4.75,0.0,4.0,0.75,5.61544389821847
2019-10-01,2019,4,8,4.0,-0.25,3.465760800501286,7.687624841235176,7.3750989855478455,-0.16274427295793537,NCR,Duplex,-0.7,0.8,1.15,NCR_Duplex,-0.25,-0.25,0.75,1.436707606220992,0.028914663617823497,105.69360155012734,4.25,-0.25,4.5,-0.25,4.75,0.75,-5.6821919657118185
2020-01-01,2020,1,9,3.75,-0.25,2.2,-0.7,7.080623865444629,-0.2944751201032165,NCR,Duplex,-0.7,0.8,1.15,NCR_Duplex,-0.25,-0.25,0.0,0.6019733773693889,0.01704223377369389,107.51029288591809,4.0,-0.25,4.25,-0.25,4.75,0.0,-3.467430306132493
2020-04-01,2020,2,10,2.75,-1.0,1.7330332722498218,-7.045966067955906,6.371889144048662,-0.7087347213959667,NCR,Duplex,-0.7,0.8,1.15,NCR_Duplex,-0.25,-0.25,-0.25,-2.017656958849187,-0.011673896882300387,106.26252613360701,3.75,-0.25,4.0,-0.25,4.5,-0.25,-12.153921216186053
2020-07-01,2020,3,11,2.25,-0.5,2.5678852409948902,-9.035904447482224,5.787256106512813,-0.5846330375358493,NCR,Duplex,-0.7,0.8,1.15,NCR_Duplex,-1.0,-0.25,-0.25,0.31307889927357796,0.016387690397228413,108.01827051754607,2.75,-1.0,3.75,-0.25,4.25,-0.25,-10.12305870962054
2020-10-01,2020,4,12,2.0,-0.25,2.3389100339341686,-6.488040260447374,5.461117392223406,-0.32613871428940655,NCR,Duplex,-0.7,0.8,1.15,NCR_Duplex,-0.5,-1.0,-0.25,-0.3295351964525783,0.009973305947986701,109.1009597988232,2.25,-0.5,2.75,-1.0,4.0,-0.25,-4.761847397960537
2021-01-01,2021,1,13,2.0,0.0,2.9599481726530636,3.5,5.25489088741875,-0.20622650480465676,NCR,Duplex,-0.7,0.8,1.15,NCR_Duplex,-0.25,-0.5,-0.25,-0.9617655421275054,0.004082829030520866,109.5473109323934,2.0,-0.25,2.25,-0.5,3.75,-0.25,5.737742381627783
2021-04-01,2021,2,14,2.0,0.0,2.89306308425626,3.321313221938798,5.206473545540003,-0.048417341878746356,NCR,Duplex,-0.7,0.8,1.15,NCR_Duplex,0.0,-0.25,-1.0,0.6405461085116889,0.017393872468620817,111.46943098285058,2.0,0.0,2.0,-0.25,2.75,-1.0,0.32105167082920705
2021-07-01,2021,3,15,2.0,0.0,2.8277963531994934,3.0301866116687646,5.180745300541072,-0.025728244998931338,NCR,Duplex,-0.7,0.8,1.15,NCR_Duplex,0.0,0.0,-0.5,1.090451255085102,0.020889171436186654,113.82242552815896,2.0,0.0,2.0,0.0,2.25,-0.5,-6.0928284615117505
2021-10-01,2021,4,16,2.0,0.0,2.6336316855425452,6.00416389559609,5.044770684415611,-0.1359746161254609,NCR,Duplex,-0.7,0.8,1.15,NCR_Duplex,0.0,0.0,-0.25,-0.4538822094760692,0.006502828871750605,114.56500510030352,2.0,0.0,2.0,0.0,2.0,-0.25,7.745613251792023
2022-01-01,2022,1,17,2.0,0.0,3.0,8.2,5.039231316423039,-0.005539367992572153,NCR,Duplex,-0.7,0.8,1.15,NCR_Duplex,0.0,0.0,0.0,1.5477676176261854,0.027452676176261855,117.75368979055108,2.0,0.0,2.0,0.0,2.0,0.0,10.752917701430597
2022-04-01,2022,2,18,2.5,0.5,4.234248869877067,6.371201634503846,5.393558958301544,0.3543276418785055,NCR,Duplex,-0.7,0.8,1.15,NCR_Duplex,0.0,0.0,0.0,1.1614592129156156,0.023274067403058218,120.5264385127626,2.0,0.0,2.0,0.0,2.0,0.0,2.027501605424137
2022-07-01,2022,3,19,3.75,1.25,4.469159250277384,7.09681390411188,6.236073272757313,0.8425143144557685,NCR,Duplex,-0.7,0.8,1.15,NCR_Duplex,0.5,0.0,0.0,-0.3151098753770595,0.005350954235354576,121.17309855056027,2.5,0.5,2.0,0.0,2.0,0.0,1.8159620980591276
2022-10-01,2022,4,20,5.0,1.25,5.0896345976435615,7.010877457639748,7.229721678988704,0.9936484062313911,NCR,Duplex,-0.7,0.8,1.15,NCR_Duplex,1.25,0.5,0.0,1.1693670202164177,0.013349639628072152,122.80156125963705,3.75,1.25,2.5,0.5,2.0,0.0,2.1641083747396825
2023-01-01,2023,1,21,5.75,0.75,8.0,5.5,8.070966842960146,0.8412451639714424,NCR,Duplex,-0.7,0.8,1.15,NCR_Duplex,1.25,1.25,0.0,1.4197882504104782,0.013535382504104783,124.475027315889,5.0,1.25,3.75,1.25,2.0,0.0,-5.14970731225305
2023-04-01,2023,2,22,6.25,0.5,8.155429552863874,6.374844613584793,8.738674988065059,0.6677081451049123,NCR,Duplex,-0.7,0.8,1.15,NCR_Duplex,0.75,1.25,0.5,0.08758074843743617,0.004088003080327823,124.98492312870206,5.75,0.75,5.0,1.25,2.5,0.5,-0.6634535197600573
2023-07-01,2023,3,23,6.25,0.0,6.667742416294605,6.744282989543375,9.042506761018442,0.3038317729533837,NCR,Duplex,-0.7,0.8,1.15,NCR_Duplex,0.5,0.75,1.25,-0.6795855451127644,-0.00039142660516049534,124.9360102780656,6.25,0.5,5.75,0.75,3.75,1.25,-2.0765537260329543
2023-10-01,2023,4,24,6.5,0.25,6.237253959575014,6.443976500689383,9.407545459031587,0.36503869801314437,NCR,Duplex,-0.7,0.8,1.15,NCR_Duplex,0.0,0.5,1.25,-1.1212718488063962,-0.0006750511124329405,124.85170054523553,6.25,0.0,6.25,0.5,5.0,1.25,-0.3709831360801479
2024-01-01,2024,1,25,6.5,0.0,3.9,6.267600870840498,9.508180720011742,0.1006352609801553,NCR,Duplex,-0.7,0.8,1.15,NCR_Duplex,0.25,0.0,0.75,1.6663412009258247,0.026433762335823438,128.19600729740705,6.5,0.25,6.25,0.0,5.75,0.75,0.8103801164460558
2024-04-01,2024,2,26,6.5,0.0,3.4636369040555994,7.203653421627691,9.557916001163832,0.04973528115209014,NCR,Duplex,-0.7,0.8,1.15,NCR_Duplex,0.0,0.25,0.5,0.43616877421972994,0.015227148846524364,130.16300485785365,6.5,0.0,6.5,0.25,6.25,0.5,-0.3991221819045565
2024-07-01,2024,3,27,6.25,-0.25,3.204368380234698,6.54815913607695,9.37685720877443,-0.18105879238940226,NCR,Duplex,-0.7,0.8,1.15,NCR_Duplex,0.0,0.0,0.0,-2.89215947571998,-0.017504724567100536,127.90436343027869,6.5,0.0,6.5,0.0,6.25,0.0,2.806969166120078
2024-10-01,2024,4,28,6.0,-0.25,3.131997916467933,5.575948601638913,9.189357493890524,-0.1874997148839057,NCR,Duplex,-0.7,0.8,1.15,NCR_Duplex,-0.25,0.0,0.25,1.0163658993021258,0.022944239093576232,130.87295756208687,6.25,-0.25,6.5,0.0,6.5,0.25,-4.1492083518328835
2025-01-01,2025,1,29,5.75,-0.25,1.8,5.0,8.974215227846123,-0.2151422660444009,NCR,Duplex,-0.7,0.8,1.15,NCR_Duplex,-0.25,-0.25,0.0,1.7916741589088765,0.030956741589088767,134.98771909552568,6.0,-0.25,6.25,-0.25,6.5,0.0,-4.079400931152681
2025-04-01,2025,2,30,5.5,-0.25,2.173061203528872,4.244591007606215,8.68616918501103,-0.2880460428350933,NCR,Duplex,-0.7,0.8,1.15,NCR_Duplex,-0.25,-0.25,0.0,0.3783745336764956,0.01665238532567595,137.25440710974542,5.75,-0.25,6.0,-0.25,6.5,0.0,-4.876620638162802
2025-07-01,2025,3,31,5.25,-0.25,1.3474150575376869,4.943768484708373,8.399883761389766,-0.28628542362126375,NCR,Duplex,-0.7,0.8,1.15,NCR_Duplex,-0.25,-0.25,-0.25,-1.7727544946042713,-0.004844407247015765,136.59109883020128,5.5,-0.25,5.75,-0.25,6.25,-0.25,3.2769747991973333
2025-10-01,2025,4,32,5.0,-0.25,1.653876661545189,3.9497939843187355,8.190626645523027,-0.20925711586673934,NCR,Duplex,-0.7,0.8,1.15,NCR_Duplex,-0.25,-0.25,-0.25,1.4956573743397084,0.027558909485980165,140.4077503796385,5.25,-0.25,5.5,-0.25,6.0,-0.25,-1.9349886402069385
2026-01-01,2026,1,33,4.5,-0.5,4.5,3.6950562492494683,7.82876729234417,-0.36185935317885676,NCR,Duplex,-0.7,0.8,1.15,NCR_Duplex,-0.25,-0.25,-0.25,-0.7314857880507315,0.006045788212961236,141.2591971418178,5.0,-0.25,5.25,-0.25,5.75,-0.25,-3.5059448874502186
2026-04-01,2026,2,34,4.625,0.125,4.679466958498582,5.2171204950010654,7.7404883068636146,-0.08827898548055568,NCR,Duplex,-0.7,0.8,1.15,NCR_Duplex,-0.5,-0.25,-0.25,1.6681530529615667,0.03241679080279064,145.91339652406768,4.5,-0.5,5.0,-0.25,5.5,-0.25,0.4251086379326141
2018-01-01,2018,1,1,3.0,,4.0,6.3,6.1,,NCR,Single-Detached,-0.55,0.85,1.05,NCR_Single-Detached,,,,1.2861386987216479,0.024923886987216478,102.52370836714009,,,,,,,0.4484041023427294
2018-04-01,2018,2,2,3.25,0.25,4.698872845779609,4.806563547461692,6.2305049264677885,0.13050492646778888,NCR,Single-Detached,-0.55,0.85,1.05,NCR_Single-Detached,,,,-1.9590160521407507,-0.00787803733737549,101.71919591512398,3.0,,,,,,-2.0502293459872494
2018-07-01,2018,3,3,4.0,0.75,4.730570586841166,4.8873232065108665,6.735777588582047,0.5052726621142583,NCR,Single-Detached,-0.55,0.85,1.05,NCR_Single-Detached,0.25,,,-0.5167421431715388,0.005209495946778536,102.25048432481607,3.25,0.25,3.0,,,,-1.1007186828515982
2018-10-01,2018,4,4,4.75,0.75,5.091996451668118,5.530432015109393,7.2225004240703425,0.48672283548829576,NCR,Single-Detached,-0.55,0.85,1.05,NCR_Single-Detached,0.75,0.25,,0.04842012010524432,0.0077732121422189,103.0483961825177,4.0,0.75,3.25,0.25,,,-1.5199844658316732
2019-01-01,2019,1,5,4.75,0.0,3.8,6.013447902928668,7.583413704341121,0.3609132802707782,NCR,Single-Detached,-0.55,0.85,1.05,NCR_Single-Detached,0.75,0.75,,-0.1603730106634954,0.0041038128569632955,103.47215643733003,4.75,0.75,4.0,0.75,3.0,,3.6136698571465997
2019-04-01,2019,2,6,4.5,-0.25,3.7235016875778957,6.661147271372238,7.634787468050925,0.05137376370980462,NCR,Single-Detached,-0.55,0.85,1.05,NCR_Single-Detached,0.0,0.75,0.25,-1.0825537310131197,-0.0007730565770932385,103.39219751661697,4.75,0.0,4.75,0.75,3.25,0.25,1.3204923574342524
2019-07-01,2019,3,7,4.25,-0.25,3.9943571127668194,7.805844480091282,7.537843258505781,-0.09694420954514449,NCR,Single-Detached,-0.55,0.85,1.05,NCR_Single-Detached,-0.25,0.0,0.75,1.203297494179016,0.02603347375565444,106.11919821261715,4.5,-0.25,4.75,0.0,4.0,0.75,1.3647178285230073
2019-10-01,2019,4,8,4.0,-0.25,3.465760800501286,7.687624841235176,7.3750989855478455,-0.16274427295793537,NCR,Single-Detached,-0.55,0.85,1.05,NCR_Single-Detached,-0.25,-0.25,0.75,-1.1320125085971289,0.0031649624696422894,106.4555935507731,4.25,-0.25,4.5,-0.25,4.75,0.75,2.7153425851357795
2020-01-01,2020,1,9,3.75,-0.25,2.2,-0.7,7.080623865444629,-0.2944751201032165,NCR,Single-Detached,-0.55,0.85,1.05,NCR_Single-Detached,-0.25,-0.25,0.0,0.8307452039903764,0.019267452039903765,108.52660912147465,4.0,-0.25,4.25,-0.25,4.75,0.0,-9.6723225488734
2020-04-01,2020,2,10,2.75,-1.0,1.7330332722498218,-7.045966067955906,6.371889144048662,-0.7087347213959667,NCR,Single-Detached,-0.55,0.85,1.05,NCR_Single-Detached,-0.25,-0.25,-0.25,-1.0509525791710086,-0.0020693530855186025,108.30226145535468,3.75,-0.25,4.0,-0.25,4.5,-0.25,-11.893177245062834
2020-07-01,2020,3,11,2.25,-0.5,2.5678852409948902,-9.035904447482224,5.787256106512813,-0.5846330375358493,NCR,Single-Detached,-0.55,0.85,1.05,NCR_Single-Detached,-1.0,-0.25,-0.25,-0.17482924854568319,0.0103211089190358,109.42584925384556,2.75,-1.0,3.75,-0.25,4.25,-0.25,-6.9509845044848095
2020-10-01,2020,4,12,2.0,-0.25,2.3389100339341686,-6.488040260447374,5.461117392223406,-0.32613871428940655,NCR,Single-Detached,-0.55,0.85,1.05,NCR_Single-Detached,-0.5,-1.0,-0.25,1.5451076981078662,0.027719734893591145,112.5015364628883,2.25,-0.5,2.75,-1.0,4.0,-0.25,-7.884809564122076
2021-01-01,2021,1,13,2.0,0.0,2.9599481726530636,3.5,5.25489088741875,-0.20622650480465676,NCR,Single-Detached,-0.55,0.85,1.05,NCR_Single-Detached,-0.25,-0.5,-0.25,-1.1855994279655533,0.0015944901721403882,112.6810621450615,2.0,-0.25,2.25,-0.5,3.75,-0.25,0.7663088503901578
2021-04-01,2021,2,14,2.0,0.0,2.89306308425626,3.321313221938798,5.206473545540003,-0.048417341878746356,NCR,Single-Detached,-0.55,0.85,1.05,NCR_Single-Detached,0.0,-0.25,-1.0,-0.21849016617019115,0.009116009721802015,113.71296005269424,2.0,0.0,2.0,-0.25,2.75,-1.0,-1.426239459540481
2021-07-01,2021,3,15,2.0,0.0,2.8277963531994934,3.0301866116687646,5.180745300541072,-0.025728244998931338,NCR,Single-Detached,-0.55,0.85,1.05,NCR_Single-Detached,0.0,0.0,-0.5,0.2152082003103243,0.01263674088843888,115.15903888297095,2.0,0.0,2.0,0.0,2.25,-0.5,0.22594049535981542
2021-10-01,2021,4,16,2.0,0.0,2.6336316855425452,6.00416389559609,5.044770684415611,-0.1359746161254609,NCR,Single-Detached,-0.55,0.85,1.05,NCR_Single-Detached,0.0,0.0,-0.25,-1.424790446381689,-0.002706253497305593,114.84781065243916,2.0,0.0,2.0,0.0,2.0,-0.25,1.6553080561655786
2022-01-01,2022,1,17,2.0,0.0,3.0,8.2,5.039231316423039,-0.005539367992572153,NCR,Single-Detached,-0.55,0.85,1.05,NCR_Single-Detached,0.0,0.0,0.0,0.1977054459197958,0.014452054459197958,116.51964911827666,2.0,0.0,2.0,0.0,2.0,0.0,6.734637362349391
2022-04-01,2022,2,18,2.5,0.5,4.234248869877067,6.371201634503846,5.393558958301544,0.3543276418785055,NCR,Single-Detached,-0.55,0.85,1.05,NCR_Single-Detached,0.0,0.0,0.0,-1.0063448380192404,0.002096026893709659,116.76413356995872,2.0,0.0,2.0,0.0,2.0,0.0,3.680615044391014
2022-07-01,2022,3,19,3.75,1.25,4.469159250277384,7.09681390411188,6.236073272757313,0.8425143144557685,NCR,Single-Detached,-0.55,0.85,1.05,NCR_Single-Detached,0.5,0.0,0.0,1.3760292220834471,0.02351234520995964,119.54206201715007,2.5,0.5,2.0,0.0,2.0,0.0,2.583113571226713
2022-10-01,2022,4,20,5.0,1.25,5.0896345976435615,7.010877457639748,7.229721678988704,0.9936484062313911,NCR,Single-Detached,-0.55,0.85,1.05,NCR_Single-Detached,1.25,0.5,0.0,0.6107905086980754,0.010513874512888727,120.80554265574716,3.75,1.25,2.5,0.5,2.0,0.0,-2.4060334593221895
2023-01-01,2023,1,21,5.75,0.75,8.0,5.5,8.070966842960146,0.8412451639714424,NCR,Single-Detached,-0.55,0.85,1.05,NCR_Single-Detached,1.25,1.25,0.0,-0.8208611360932849,-0.00555861136093285,120.13589447511015,5.0,1.25,3.75,1.25,2.0,0.0,-6.070017048244278
2023-04-01,2023,2,22,6.25,0.5,8.155429552863874,6.374844613584793,8.738674988065059,0.6677081451049123,NCR,Single-Detached,-0.55,0.85,1.05,NCR_Single-Detached,0.75,1.25,0.5,0.3383453735423645,0.009158149331377104,121.24117035243722,5.75,0.75,5.0,1.25,2.5,0.5,-0.9542436483555068
2023-07-01,2023,3,23,6.25,0.0,6.667742416294605,6.744282989543375,9.042506761018442,0.3038317729533837,NCR,Single-Detached,-0.55,0.85,1.05,NCR_Single-Detached,0.5,0.75,1.25,-1.4491728562449766,-0.00627479971648262,120.48278812768882,6.25,0.5,5.75,0.75,3.75,1.25,-2.540598083551857
2023-10-01,2023,4,24,6.5,0.25,6.237253959575014,6.443976500689383,9.407545459031587,0.36503869801314437,NCR,Single-Detached,-0.55,0.85,1.05,NCR_Single-Detached,0.0,0.5,1.25,-0.8999196697717501,0.0024134706779135196,120.77392098301627,6.25,0.0,6.25,0.5,5.0,1.25,-3.9247359952574916
2024-01-01,2024,1,25,6.5,0.0,3.9,6.267600870840498,9.508180720011742,0.1006352609801553,NCR,Single-Detached,-0.55,0.85,1.05,NCR_Single-Detached,0.25,0.0,0.75,0.8049621630538629,0.018694971957103818,123.05302354937497,6.5,0.25,6.25,0.0,5.75,0.75,-6.471833768653956
2024-04-01,2024,2,26,6.5,0.0,3.4636369040555994,7.203653421627691,9.557916001163832,0.04973528115209014,NCR,Single-Detached,-0.55,0.85,1.05,NCR_Single-Detached,0.0,0.25,0.5,1.2691369620777007,0.024244330725104072,126.07282030958376,6.5,0.0,6.5,0.25,6.25,0.5,-0.10508382700852081
2024-07-01,2024,3,27,6.25,-0.25,3.204368380234698,6.54815913607695,9.37685720877443,-0.18105879238940226,NCR,Single-Detached,-0.55,0.85,1.05,NCR_Single-Detached,0.0,0.0,0.0,-0.4197806515051235,0.007719063675048032,127.04975007801804,6.5,0.0,6.5,0.0,6.25,0.0,2.5680288313202952
2024-10-01,2024,4,28,6.0,-0.25,3.131997916467933,5.575948601638913,9.189357493890524,-0.1874997148839057,NCR,Single-Detached,-0.55,0.85,1.05,NCR_Single-Detached,-0.25,0.0,0.25,1.7479044232351395,0.03038462433290637,130.96935532018475,6.25,-0.25,6.5,0.0,6.5,0.25,-5.1401664033889025
2025-01-01,2025,1,29,5.75,-0.25,1.8,5.0,8.974215227846123,-0.2151422660444009,NCR,Single-Detached,-0.55,0.85,1.05,NCR_Single-Detached,-0.25,-0.25,0.0,-0.32376539579662306,0.00973984604203377,132.25120907279782,6.0,-0.25,6.25,-0.25,6.5,0.0,-2.8020384323522918
2025-04-01,2025,2,30,5.5,-0.25,2.173061203528872,4.244591007606215,8.68616918501103,-0.2880460428350933,NCR,Single-Detached,-0.55,0.85,1.05,NCR_Single-Detached,-0.25,-0.25,0.0,-1.1135694388598187,0.0016704456003128042,132.47231214204052,5.75,-0.25,6.0,-0.25,6.5,0.0,-3.331999759031389
2025-07-01,2025,3,31,5.25,-0.25,1.3474150575376869,4.943768484708373,8.399883761389766,-0.28628542362126375,NCR,Single-Detached,-0.55,0.85,1.05,NCR_Single-Detached,-0.25,-0.25,-0.25,-1.2993402280528106,-0.00017276458150115693,132.44942759534928,5.5,-0.25,5.75,-0.25,6.25,-0.25,-1.0397172496313334
2025-10-01,2025,4,32,5.0,-0.25,1.653876661545189,3.9497939843187355,8.190626645523027,-0.20925711586673934,NCR,Single-Detached,-0.55,0.85,1.05,NCR_Single-Detached,-0.25,-0.25,-0.25,2.0082377003737544,0.03262221274632063,136.84147058355754,5.25,-0.25,5.5,-0.25,6.0,-0.25,-8.200426468454054
2026-01-01,2026,1,33,4.5,-0.5,4.5,3.6950562492494683,7.82876729234417,-0.36185935317885676,NCR,Single-Detached,-0.55,0.85,1.05,NCR_Single-Detached,-0.25,-0.25,-0.25,-0.9546121928416665,0.003752024165051887,137.35586749933782,5.0,-0.25,5.25,-0.25,5.75,-0.25,-4.318130320752709
2026-04-01,2026,2,34,4.625,0.125,4.679466958498582,5.2171204950010654,7.7404883068636146,-0.08827898548055568,NCR,Single-Detached,-0.55,0.85,1.05,NCR_Single-Detached,-0.5,-0.25,-0.25,0.14696982095045627,0.016767458482679538,139.67839331847162,4.5,-0.5,5.0,-0.25,5.5,-0.25,-2.9776198912882545
2018-01-01,2018,1,1,3.0,,4.0,6.3,6.1,,NCR,Townhouse,-0.85,0.9,1.2,NCR_Townhouse,,,,-1.31911453053117,-0.0006286453053116991,99.93715522507485,,,,,,,0.5745426697176361
2018-04-01,2018,2,2,3.25,0.25,4.698872845779609,4.806563547461692,6.2305049264677885,0.13050492646778888,NCR,Townhouse,-0.85,0.9,1.2,NCR_Townhouse,,,,-0.288262614908211,0.009329497034949907,100.87388141620026,3.0,,,,,,3.0948641629015747
2018-07-01,2018,3,3,4.0,0.75,4.730570586841166,4.8873232065108665,6.735777588582047,0.5052726621142583,NCR,Townhouse,-0.85,0.9,1.2,NCR_Townhouse,0.25,,,-2.560495055315632,-0.015478033174662396,99.32457318573887,3.25,0.25,3.0,,,,-2.7040476060702705
2018-10-01,2018,4,4,4.75,0.75,5.091996451668118,5.530432015109393,7.2225004240703425,0.48672283548829576,NCR,Townhouse,-0.85,0.9,1.2,NCR_Townhouse,0.75,0.25,,0.6127398005858075,0.011291408947024534,100.45244319762983,4.0,0.75,3.25,0.25,,,1.4596216985942438
2019-01-01,2019,1,5,4.75,0.0,3.8,6.013447902928668,7.583413704341121,0.3609132802707782,NCR,Townhouse,-0.85,0.9,1.2,NCR_Townhouse,0.75,0.75,,-0.3454375907468687,-0.0006218329438704356,100.38999797641732,4.75,0.75,4.0,0.75,3.0,,1.9786765923849239
2019-04-01,2019,2,6,4.5,-0.25,3.7235016875778957,6.661147271372238,7.634787468050925,0.05137376370980462,NCR,Townhouse,-0.85,0.9,1.2,NCR_Townhouse,0.0,0.75,0.25,1.0371393300707996,0.01979887403374595,102.3974136108586,4.75,0.0,4.75,0.75,3.25,0.25,2.5102188498047218
2019-07-01,2019,3,7,4.25,-0.25,3.9943571127668194,7.805844480091282,7.537843258505781,-0.09694420954514449,NCR,Townhouse,-0.85,0.9,1.2,NCR_Townhouse,-0.25,0.0,0.75,1.0783845399888723,0.026034344213753,105.09826806199705,4.5,-0.25,4.75,0.0,4.0,0.75,3.310506705828632
2019-10-01,2019,4,8,4.0,-0.25,3.465760800501286,7.687624841235176,7.3750989855478455,-0.16274427295793537,NCR,Townhouse,-0.85,0.9,1.2,NCR_Townhouse,-0.25,-0.25,0.75,-1.474682638144903,0.0013632611741645473,105.24164215628113,4.25,-0.25,4.5,-0.25,4.75,0.75,-2.963920478049616
2020-01-01,2020,1,9,3.75,-0.25,2.2,-0.7,7.080623865444629,-0.2944751201032165,NCR,Townhouse,-0.85,0.9,1.2,NCR_Townhouse,-0.25,-0.25,0.0,-0.6062678991302343,0.0065223210086976565,105.93030532970108,4.0,-0.25,4.25,-0.25,4.75,0.0,-9.554300197301465
2020-04-01,2020,2,10,2.75,-1.0,1.7330332722498218,-7.045966067955906,6.371889144048662,-0.7087347213959667,NCR,Townhouse,-0.85,0.9,1.2,NCR_Townhouse,-0.25,-0.25,-0.25,0.11387213736351368,0.01120389407982662,107.12381071968471,3.75,-0.25,4.0,-0.25,4.5,-0.25,-10.092173554123544
2020-07-01,2020,3,11,2.25,-0.5,2.5678852409948902,-9.035904447482224,5.787256106512813,-0.5846330375358493,NCR,Townhouse,-0.85,0.9,1.2,NCR_Townhouse,-1.0,-0.25,-0.25,2.2702106947952454,0.03864650835244509,111.34481006465806,2.75,-1.0,3.75,-0.25,4.25,-0.25,-11.278160932121635
2020-10-01,2020,4,12,2.0,-0.25,2.3389100339341686,-6.488040260447374,5.461117392223406,-0.32613871428940655,NCR,Townhouse,-0.85,0.9,1.2,NCR_Townhouse,-0.5,-1.0,-0.25,-2.0735666527663055,-0.0049670086151505696,110.79313066619152,2.25,-0.5,2.75,-1.0,4.0,-0.25,-2.8292868031736056
2021-01-01,2021,1,13,2.0,0.0,2.9599481726530636,3.5,5.25489088741875,-0.20622650480465676,NCR,Townhouse,-0.85,0.9,1.2,NCR_Townhouse,-0.25,-0.5,-0.25,-0.6211219986840527,0.00923926446495539,111.82152117162578,2.0,-0.25,2.25,-0.5,3.75,-0.25,1.2508814823470205
2021-04-01,2021,2,14,2.0,0.0,2.89306308425626,3.321313221938798,5.206473545540003,-0.048417341878746356,NCR,Townhouse,-0.85,0.9,1.2,NCR_Townhouse,0.0,-0.25,-1.0,-1.1144330459412863,0.0010315809240910646,111.93693363818396,2.0,0.0,2.0,-0.25,2.75,-1.0,-4.395353987822666
2021-07-01,2021,3,15,2.0,0.0,2.8277963531994934,3.0301866116687646,5.180745300541072,-0.025728244998931338,NCR,Townhouse,-0.85,0.9,1.2,NCR_Townhouse,0.0,0.0,-0.5,1.391141127917939,0.024896070164515026,114.75870313143326,2.0,0.0,2.0,0.0,2.25,-0.5,0.4188627898476278
2021-10-01,2021,4,16,2.0,0.0,2.6336316855425452,6.00416389559609,5.044770684415611,-0.1359746161254609,NCR,Townhouse,-0.85,0.9,1.2,NCR_Townhouse,0.0,0.0,-0.25,0.7433259437943023,0.01947491040445432,117.01552294627417,2.0,0.0,2.0,0.0,2.0,-0.25,4.652526082667928
2022-01-01,2022,1,17,2.0,0.0,3.0,8.2,5.039231316423039,-0.005539367992572153,NCR,Townhouse,-0.85,0.9,1.2,NCR_Townhouse,0.0,0.0,0.0,0.9182241862506034,0.022157241862506036,119.6372015158405,2.0,0.0,2.0,0.0,2.0,0.0,7.182381716678128
2022-04-01,2022,2,18,2.5,0.5,4.234248869877067,6.371201634503846,5.393558958301544,0.3543276418785055,NCR,Townhouse,-0.85,0.9,1.2,NCR_Townhouse,0.0,0.0,0.0,1.2119318895902682,0.024778794169804743,122.63870029520562,2.0,0.0,2.0,0.0,2.0,0.0,2.878519497524909
2022-07-01,2022,3,19,3.75,1.25,4.469159250277384,7.09681390411188,6.236073272757313,0.8425143144557685,NCR,Townhouse,-0.85,0.9,1.2,NCR_Townhouse,0.5,0.0,0.0,-1.049258975908505,-0.0017405367699598795,122.4254287852159,2.5,0.5,2.0,0.0,2.0,0.0,-0.12976246261372637
2022-10-01,2022,4,20,5.0,1.25,5.0896345976435615,7.010877457639748,7.229721678988704,0.9936484062313911,NCR,Townhouse,-0.85,0.9,1.2,NCR_Townhouse,1.25,0.5,0.0,-0.2989025045373969,-0.002583055619465995,122.109605164019,3.75,1.25,2.5,0.5,2.0,0.0,2.0782522030867767
2023-01-01,2023,1,21,5.75,0.75,8.0,5.5,8.070966842960146,0.8412451639714424,NCR,Townhouse,-0.85,0.9,1.2,NCR_Townhouse,1.25,1.25,0.0,-1.158491074551801,-0.01405991074551801,120.40476802764178,5.0,1.25,3.75,1.25,2.0,0.0,-2.532829564815377
2023-04-01,2023,2,22,6.25,0.5,8.155429552863874,6.374844613584793,8.738674988065059,0.6677081451049123,NCR,Townhouse,-0.85,0.9,1.2,NCR_Townhouse,0.75,1.25,0.5,-0.023565029946137465,0.0019140452964920853,120.63544890395718,5.75,0.75,5.0,1.25,2.5,0.5,0.7021305411135352
2023-07-01,2023,3,23,6.25,0.0,6.667742416294605,6.744282989543375,9.042506761018442,0.3038317729533837,NCR,Townhouse,-0.85,0.9,1.2,NCR_Townhouse,0.5,0.75,1.25,-0.246227201478764,0.0036296568311795074,121.07410979781743,6.25,0.5,5.75,0.75,3.75,1.25,-2.270205587512453
2023-10-01,2023,4,24,6.5,0.25,6.237253959575014,6.443976500689383,9.407545459031587,0.36503869801314437,NCR,Townhouse,-0.85,0.9,1.2,NCR_Townhouse,0.0,0.5,1.25,0.7032718446988606,0.018195385822619627,123.29726417955752,6.25,0.0,6.25,0.5,5.0,1.25,-3.1335021658087436
2024-01-01,2024,1,25,6.5,0.0,3.9,6.267600870840498,9.508180720011742,0.1006352609801553,NCR,Townhouse,-0.85,0.9,1.2,NCR_Townhouse,0.25,0.0,0.75,0.8866448680419211,0.019261799006984395,125.69521155098566,6.5,0.25,6.25,0.0,5.75,0.75,-4.000436572396776
2024-04-01,2024,2,26,6.5,0.0,3.4636369040555994,7.203653421627691,9.557916001163832,0.04973528115209014,NCR,Townhouse,-0.85,0.9,1.2,NCR_Townhouse,0.0,0.25,0.5,0.336916081236634,0.015047121916693405,127.6008640606634,6.5,0.0,6.5,0.25,6.25,0.5,-3.619970835566515
2024-07-01,2024,3,27,6.25,-0.25,3.204368380234698,6.54815913607695,9.37685720877443,-0.18105879238940226,NCR,Townhouse,-0.85,0.9,1.2,NCR_Townhouse,0.0,0.0,0.0,-0.8997194977861463,0.0034196752122378038,128.03796451738953,6.5,0.0,6.5,0.0,6.25,0.0,0.1903804046547526
2024-10-01,2024,4,28,6.0,-0.25,3.131997916467933,5.575948601638913,9.189357493890524,-0.1874997148839057,NCR,Townhouse,-0.85,0.9,1.2,NCR_Townhouse,-0.25,0.0,0.25,0.005331573852858372,0.014208895839083557,129.8702290197622,6.25,-0.25,6.5,0.0,6.5,0.25,-0.05967094466001255
2025-01-01,2025,1,29,5.75,-0.25,1.8,5.0,8.974215227846123,-0.2151422660444009,NCR,Townhouse,-0.85,0.9,1.2,NCR_Townhouse,-0.25,-0.25,0.0,-0.16726648233740146,0.012929835176625985,131.56033250913026,6.0,-0.25,6.25,-0.25,6.5,0.0,-4.210708616399382
2025-04-01,2025,2,30,5.5,-0.25,2.173061203528872,4.244591007606215,8.68616918501103,-0.2880460428350933,NCR,Townhouse,-0.85,0.9,1.2,NCR_Townhouse,-0.25,-0.25,0.0,1.3109432801132925,0.027540572790043915,135.23393377022742,5.75,-0.25,6.0,-0.25,6.5,0.0,2.0167591340565956
2025-07-01,2025,3,31,5.25,-0.25,1.3474150575376869,4.943768484708373,8.399883761389766,-0.28628542362126375,NCR,Townhouse,-0.85,0.9,1.2,NCR_Townhouse,-0.25,-0.25,-0.25,0.6218460633005907,0.02066409833203285,138.05749376403375,5.5,-0.25,5.75,-0.25,6.25,-0.25,-3.2667848895104843
2025-10-01,2025,4,32,5.0,-0.25,1.653876661545189,3.9497939843187355,8.190626645523027,-0.20925711586673934,NCR,Townhouse,-0.85,0.9,1.2,NCR_Townhouse,-0.25,-0.25,-0.25,-0.7605258407399477,0.006559577335183605,138.96606924880854,5.25,-0.25,5.5,-0.25,6.0,-0.25,-0.011728223866553478
2026-01-01,2026,1,33,4.5,-0.5,4.5,3.6950562492494683,7.82876729234417,-0.36185935317885676,NCR,Townhouse,-0.85,0.9,1.2,NCR_Townhouse,-0.25,-0.25,-0.25,0.46020737618588475,0.0195252198553274,141.70607486121244,5.0,-0.25,5.25,-0.25,5.75,-0.25,-6.840129783605704
2026-04-01,2026,2,34,4.625,0.125,4.679466958498582,5.2171204950010654,7.7404883068636146,-0.08827898548055568,NCR,Townhouse,-0.85,0.9,1.2,NCR_Townhouse,-0.5,-0.25,-0.25,0.8932885109812615,0.026605645382987587,145.52685826261384,4.5,-0.5,5.0,-0.25,5.5,-0.25,0.12687500037707888
